priority,reason,subcategory,title,published,author,date,words,n_clinical,strong_terms,device_terms,clinical_terms,n_fp_clinical,fp_clinical_sample,n_first_person,n_third_party,n_claim,first_person_sample,third_party_sample,claim_sample,file
P1,First-person account of a regulated health service — s133(1)(c) purported testimonial,spas-retreats,"Melanie Grant Skin Health, Double Bay",true,Sigourney Cantelo,2026-01-15,515,3,cosmetic surgeon; ipl; laser,,cosmetic surgeon; ipl; laser,2,"In no time at all, she is wielding a laser over my skin and zapping the pigment.",9,0,0,"I arrive for my treatment, utterly exhausted (in that unique 'I've-had-three-hours-sleep-a-night-for-three-weeks-running' ways common to new mums) and toting Luella in her cumberso",,,content/destinations/spas-retreats/melanie-grant-skin-health-double-bay/melanie-grant-skin-health-double-bay.mdx
P1,First-person account of a regulated health service — s133(1)(c) purported testimonial,spas-retreats,"Five Star Day Spa, Erina",true,Sigourney Cantelo,2026-01-15,495,3,chemical peel; laser,led light,chemical peel; laser; led light,1,"The Signature Ultraceuticals Facial Experience

Today I'm having a Signature Ultraceuticals Facial minus any of the aforementioned super-duper machinery as my skin is recovering from a laser treatment",10,0,0,"Arriving at Five Star Day Spa

I've chosen a pretty interesting day to try and check out of life and into a spa.",,,content/destinations/spas-retreats/five-star-day-spa-erina/five-star-day-spa-erina.mdx
P1,First-person account of a regulated health service — s133(1)(c) purported testimonial,clinics,"The Youth Lab, Perth",true,Lucy Searle,2026-01-15,588,8,dermal filler; injectable; medical director; paramedical,healite; led light; led therapy; led treatment,dermal filler; injectable; medical director; paramedical; healite; led light; led therapy; led treatment,1,"Healite II LED Light Therapy

After the Hydrafacial, Tash leads me into another stunning treatment room for 15 minutes of bliss under the Healite.",8,0,1,"Arriving at the West Perth Clinic

I arrive for my appointment on a chilly May evening and I’m thrilled to find complimentary parking out the front of Youth Lab’s gorgeous exterior",,"The treatment is completely painless (apart from a gentle sucking sensation on the skin) and requires virtually no down time, hello lunch time facial!",content/destinations/clinics/the-youth-lab-perth/the-youth-lab-perth.mdx
P1,First-person account of a regulated health service — s133(1)(c) purported testimonial,clinics,"Skin Temple, Melbourne",true,Vickie Zarifopoulos,2026-01-15,892,2,chemical peel; cosmetic physician,,chemical peel; cosmetic physician,0,,13,0,1,"ambience is the call of the day at the chic medispa

Arriving at the Turkish-Inspired Medispa

As I step through the entry from Arnold Street into the waiting area I clock a large ",,Leanne treats me to a cup of tea and a rose water Turkish delight while I sit up and regroup.,content/destinations/clinics/skin-temple-melbourne/skin-temple-melbourne.mdx
P1,First-person account of a regulated health service — s133(1)(c) purported testimonial,clinics,"Skinologie, Albert Park",true,Rikki Hodge-Smith,2026-01-15,727,2,chemical peel; laser,,chemical peel; laser,0,,11,0,2,"However, now in my 30s I have a new perspective; ageing is not end of days, but it does mean I need to take better care of my skin than I did at 21.",,"I’ve booked for ‘The Hero’, a treatment developed by Dr Yilmaz that uses microdermabrasion, laser and a peel for maximum results with no downtime.",content/destinations/clinics/skinologie-albert-park/skinologie-albert-park.mdx
P1,First-person account of a regulated health service — s133(1)(c) purported testimonial,clinics,"Amy Jean Brows, Sydney",true,Sigourney Cantelo,2026-01-15,653,2,laser,led light,laser; led light,0,,9,0,0,"""I love to create and I've always been a keen artist."" Although it can take months to secure an appointment with the eye stylist herself, AJ has trained her staff in her particular",,,content/destinations/clinics/amy-jean-eye-couture-sydney/amy-jean-eye-couture-sydney.mdx
P1,First-person account of a regulated health service — s133(1)(c) purported testimonial,travel,"Three Days in LA: Where to Stay, Eat and Get Beautiful",true,Sigourney Cantelo,2022-01-31,2186,2,dermatologis; laser,,dermatologis; laser,0,,9,0,1,It’s quite easily the best cookie I have ever tasted.,,His skin looks twenty years younger which he puts down to the Lancer Method – his skincare routine which famously espouses exfoliating before cleansing.,content/destinations/travel/three-days-in-la-where-to-stay-eat-and-get-beautiful/three-days-in-la-where-to-stay-eat-and-get-beautiful.mdx
P1,First-person account of a regulated health service — s133(1)(c) purported testimonial,clinics,"Liberty Belle, Melbourne",true,Zoe Briggs,2026-01-15,766,4,cosmetic inject; plastic surge,led light; led therapy,cosmetic inject; plastic surge; led light; led therapy,0,,8,0,2,"Skin Assessment and Double Cleanse

Before we begin my bespoke Belle Dermasweep facial, my therapist Marnie asks me about my skin.",,"Twin buildings in pale stone surrounded by well tended jasmine house staff with the ability to treat just about any skin concern you could think of, at whichever level you’re after",content/destinations/clinics/the-sleek-skin-clinic-favoured-by-in-the-know-melburnians/the-sleek-skin-clinic-favoured-by-in-the-know-melburnians.mdx
P1,First-person account of a regulated health service — s133(1)(c) purported testimonial,clinics,"Youth Lab, Claremont",true,Tess Schlink,2026-01-15,486,5,cosmetic inject; injectable,healite; led light; led therapy,cosmetic inject; injectable; healite; led light; led therapy,0,,5,0,0,Today I’m opting for their Signature Facial to give my skin a total reset: the treatment combines select elements of their most popular offerings for a comprehensive and totally cu,,,content/destinations/clinics/youth-lab-claremont/youth-lab-claremont.mdx
P1,First-person account of a regulated health service — s133(1)(c) purported testimonial,clinics,"Dr Anh Medispa, Perth",true,Lucy Searle,2026-01-15,436,1,plastic surge,,plastic surge,0,,4,0,0,"I arrive by private elevator, more than happy to leave the busy city streets behind and stepped into the tranquil world.",,,content/destinations/clinics/dr-anh-clinic-review/dr-anh-clinic-review.mdx
P1,First-person account of a regulated health service — s133(1)(c) purported testimonial,clinics,"Wildlife Origin, Milson''s Point",true,Beauticate Editorial,2026-01-15,634,2,cosmetic doctor; injectable,,cosmetic doctor; injectable,0,,4,0,1,"Luxe Shu Uemura Colour Treatment

Today I’m booked in for a luxe Shu Uemura Colour Lustre treatment followed by a style with Jayne ahead of a function I have this evening.",,"Kaija tells me that the salon uses specially purified water to wash clients’ hair, this prevents any toxic build up and gives extra doses of shine.",content/destinations/clinics/wildlife-origin-milsons-point/wildlife-origin-milsons-point.mdx
P1,First-person account of a regulated health service — s133(1)(c) purported testimonial,clinics,"Youth Lab, Joondalup",true,Sigourney Cantelo,2026-01-15,564,5,laser,healite; led light; led therapy; light therapy,laser; healite; led light; led therapy; light therapy,0,,4,0,1,There’s barely time to peruse the Slim Aarons coffee table books before I’m whisked into a treatment room by my therapist Corina.,,At Youth Lab they use the Lutronic Healite which is an 830 nanometre yellow light that stimulates collagen and the healing function in the skin.,content/destinations/clinics/youth-lab-joondalup/youth-lab-joondalup.mdx
P1,First-person account of a regulated health service — s133(1)(c) purported testimonial,clinics,"Pamperina, Woollahra",true,Tess Schlink,2026-01-15,525,1,injectable,,injectable,0,,1,0,0,"Glowing Skin and Post-Facial Results

At the end of the treatment, Silvia greets me with a beautiful cut crystal glass of water (the treatment lasted some two hours overall so I’m ",,,content/destinations/clinics/pamperina-woollahra/pamperina-woollahra.mdx
P1,First-person account of a regulated health service — s133(1)(c) purported testimonial,clinics,"Clear Skincare, Clarence Street Sydney",false,Beauticate Editorial,2026-01-15,869,8,anti-wrinkle; chemical peel; cosmetic inject; dermal filler; laser; microneedling; rf needling,led light,anti-wrinkle; chemical peel; cosmetic inject; dermal filler; laser; microneedling; rf needling; led light,4,I have a confession: I put off laser hair removal for years.,11,0,1,I have a confession: I put off laser hair removal for years.,,I could not believe how quick and painless it was.,content/destinations/clinics/clear-skincare-clinic-clarence-street-sydney/clear-skincare-clinic-clarence-street-sydney.mdx
P1,First-person account of a regulated health service — s133(1)(c) purported testimonial,clinics,"Skin Brilliance, Brighton",false,Lauren Kennedy,2026-01-15,601,5,chemical peel; injectable; ipl; paramedical; skin needling,,chemical peel; injectable; ipl; paramedical; skin needling,2,"Helena tells me that Skin Brilliance specialises in a variety of paramedical skin treatments addressing concerns including age-management, pigmentation, sun damage, acne, rosacea, dehydration and cong",7,0,3,"Helena tells me that Skin Brilliance specialises in a variety of paramedical skin treatments addressing concerns including age-management, pigmentation, sun damage, acne, rosacea, ",,"In short, with treatments ranging from clinical medifacials to anti-ageing injectables, whatever your skin concern, the therapists here will diagnose and treat your problem.",content/destinations/clinics/skin-brilliance-brighton/skin-brilliance-brighton.mdx
P1,First-person account of a regulated health service — s133(1)(c) purported testimonial,clinics,"Me Skin and Body, South Yarra",,Sigourney Cantelo,2026-01-15,703,3,laser; mesotherapy; microneedling,,laser; mesotherapy; microneedling,1,"Laser and Advanced Treatment Options

**What Else Is On Offer at Me Skin & Body?**

Next time, I’m planning to try some of their more intensive tech offerings: the Cutera Excel V (which uses Laser Gen",12,0,0,"Melbourne's Quietly Iconic Skin Clinic

Tucked above the buzz of South Yarra’s Toorak Road sits one of Melbourne’s most quietly iconic skin clinics: Me Skin & Body  If you climb th",,,content/destinations/clinics/me-skin-and-body-south-yarra/me-skin-and-body-south-yarra.mdx
P1,First-person account of a regulated health service — s133(1)(c) purported testimonial,clinics,"The Victorian Dermal Group, Melbourne",false,Beauticate Editorial,2026-01-15,534,4,chemical peel,led light; led therapy; light therapy,chemical peel; led light; led therapy; light therapy,1,"The Lactic Peel and LED Experience

Derya prescribes an Ultraceuticals lactic peel followed by LED light therapy then introduces me to my therapist Kelly, who explains that the peel will deeply cleans",12,0,1,"And then I’m introduced to head Dermal Clinician, Derya Koch, who will be examining my skin before tailoring the most appropriate treatment.",,"“I believe in prevention rather than cure, as a result, we focus on anti-ageing and perform treatments to optimise skin health and function, which should be supported by good diet ",content/destinations/clinics/the-victorian-dermal-group-melbourne/the-victorian-dermal-group-melbourne.mdx
P1,First-person account of a regulated health service — s133(1)(c) purported testimonial,clinics,"La Belle Peau, North Perth",false,Lucy Searle,2026-01-15,640,3,cosmetic physician; paramedical,light therapy,cosmetic physician; paramedical; light therapy,0,,13,0,1,"Arriving for the ESWO Treatment

I arrive at La Belle Peau on a Friday evening and, after a busy working week, leave my worries at the door.",,That numbing cream worked a treat.,content/destinations/clinics/la-belle-peau-north-perth/la-belle-peau-north-perth.mdx
P1,First-person account of a regulated health service — s133(1)(c) purported testimonial,spas-retreats,"Serene Day Spa, WA",false,Beauticate Editorial,2026-01-15,582,1,skin peel,,skin peel,0,,13,0,0,I arrive at Serene Day Spa on a hot Perth summer’s day and gratefully enter the cool and stylishly appointed reception space.,,,content/destinations/spas-retreats/serene-day-spa-wa/serene-day-spa-wa.mdx
P1,First-person account of a regulated health service — s133(1)(c) purported testimonial,clinics,"The Facial Hub, Ascot",false,Elyse Goyen,2026-01-15,672,3,ipl; skin needling,led light,ipl; skin needling; led light,0,,11,0,1,"A Warm Welcome at Realskin Clinic

As I enter Reakskin Clinic's stunning contemporary space on Racecourse Road in Hamilton, I feel immediately welcome.",,"During this time Sevine performs *Reiki*, a Japanese Buddhist technique used to reduce stress and promote healing.",content/destinations/clinics/realskin-clinic-hamilton/realskin-clinic-hamilton.mdx
P1,First-person account of a regulated health service — s133(1)(c) purported testimonial,clinics,"Assure Cosmetic Centre, Subiaco, WA",false,Amy Mattes-Harris,2026-01-15,695,9,chemical peel; cosmetic nurse; cosmetic surgeon; injectable; paramedical; prescription skincare; prescription-only,led light; led therapy,chemical peel; cosmetic nurse; cosmetic surgeon; injectable; paramedical; prescription skincare; prescription-only; led light; led therapy,0,,10,0,1,"First Impressions of the Clinic

My visit to Assure begins on a hot and sunny summer afternoon; immediately upon walking through the clinic’s doors I feel a sense of cool calm wash",,"“The results are immediately noticeable and should continue to improve for two to three weeks after treatment,” she says.",content/destinations/clinics/assure-cosmetic-centre-subiaco-wa/assure-cosmetic-centre-subiaco-wa.mdx
P1,First-person account of a regulated health service — s133(1)(c) purported testimonial,clinics,"Academy Face and Body, Subiaco, WA",false,Beauticate Editorial,2026-01-15,548,7,cosmetic surgeon; laser; microneedling; paramedical,led light; led therapy; light therapy,cosmetic surgeon; laser; microneedling; paramedical; led light; led therapy; light therapy,0,,9,0,0,"A Warm and Welcoming Space

The first thing that strikes me as I step into the space is the clinic’s warm and welcoming atmosphere.",,,content/destinations/clinics/academy-face-and-body-subiaco-wa/academy-face-and-body-subiaco-wa.mdx
P1,First-person account of a regulated health service — s133(1)(c) purported testimonial,spas-retreats,"The Girl You Love, Glebe",false,Beauticate Editorial,2026-01-15,523,1,skin needling,,skin needling,0,,9,0,0,"Stepping Into Kay's Boutique Salon

As I step into the light, bright space, I'm greeted warmly by Kay.",,,content/destinations/spas-retreats/the-girl-you-love-glebe/the-girl-you-love-glebe.mdx
P1,First-person account of a regulated health service — s133(1)(c) purported testimonial,spas-retreats,"Karpati Medispa, Double Bay",false,Sigourney Cantelo,2026-01-15,710,2,ipl; laser,,ipl; laser,0,,7,0,2,"As I step in from the busy street, I instantly notice a sense of calm.",,"Flecks of Green Botanicals to Eliminate Any of the Coldness Traditionally Aligned with Medispas
The Pollogen Geneo+ Super Facial

I’m led through to my treatment room and given a s",content/destinations/spas-retreats/karpatimedispa-double-bay/karpatimedispa-double-bay.mdx
P1,First-person account of a regulated health service — s133(1)(c) purported testimonial,clinics,"Paddington Beauty Room, Paddington",false,Sigourney Cantelo,2026-01-15,588,1,ipl,,ipl,0,,2,0,0,"Apart from giving the most sublime face and neck massage, she also hands out no-nonsense advice and tips during the treatment, that always results in me making little changes to my",,,content/destinations/clinics/paddington-beauty-room-paddington/paddington-beauty-room-paddington.mdx
P2,First-person account of a therapeutic device — TGA Code Part 6 testimonial,clinics,"Vaia Beauty, Darlinghurst",true,Sigourney Cantelo,2026-01-15,713,3,,infrared; led light; led therapy,infrared; led light; led therapy,1,"When the sublime facial is finished, Vaia positions the LED light over my skin then kindly offers to repaint my chipped nails for me.",7,0,1,I nestle into the cushy treatment bed and we catch up on the last ten years while Vaia cleanses and massages my skin with expert strokes.,,"And delivering targeted skin results in the most natural way possible.”

Treating Skin From the Inside Out

Vaia has developed a loyal customer base over 20 years in the industry t",content/destinations/clinics/vaia-beauty-darlinghurst/vaia-beauty-darlinghurst.mdx
P2,First-person account of a therapeutic device — TGA Code Part 6 testimonial,spas-retreats,"Sofitel Spa, Darling Harbour",true,Beauticate Editorial,2026-01-15,892,1,,infrared,infrared,1,"Following this exhilarating start, I decompress in the infrared sauna before wilfully surrender to the expert care of my therapist for a three-hour full-body treatment and facial using delicious produ",4,0,0,"So, when the team at The Sofitel Darling Harbour contacted me to discuss becoming their Spa Ambassador you can bet I was excited.",,,content/destinations/spas-retreats/sydneys-newest-hotel-spa-is-an-oasis-in-the-heart-of-darling-harbour/sydneys-newest-hotel-spa-is-an-oasis-in-the-heart-of-darling-harbour.mdx
P2,First-person account of a therapeutic device — TGA Code Part 6 testimonial,clinics,"Rêve Skin + Beauty, Annandale",true,Angie Vida,2026-01-15,679,1,,led treatment,led treatment,0,,11,0,0,"As I stepped through the front door, adorned with an oversized bow for the festive season, I felt an immediate sense of ease.",,,content/destinations/clinics/reve-skin-beauty-annandale/reve-skin-beauty-annandale.mdx
P2,First-person account of a therapeutic device — TGA Code Part 6 testimonial,travel,The Mondrian Gold Coast is the Luxe Coastal Escape You Deserve,true,Sigourney Cantelo,2025-12-12,1035,1,,led bed,led bed,0,,8,0,0,"She wasn’t able to shoot in her home this time, so I had to come up with the PERFECT setting.",,,content/destinations/travel/mondrian-gold-coast-review/mondrian-gold-coast-review.mdx
P2,First-person account of a therapeutic device — TGA Code Part 6 testimonial,spas-retreats,"Chateau Elan Spa, the Hunter Valley NSW",true,Sigourney Cantelo,2026-01-15,610,1,,infrared,infrared,0,,5,0,0,"Source: Cudo

Check in is a breeze and, as I step through the doors near the entrance, I note that the Spa occupies a princely position next to reception.",,,content/destinations/spas-retreats/chateau-elan-spa-the-hunter-valley-nsw/chateau-elan-spa-the-hunter-valley-nsw.mdx
P2,First-person account of a therapeutic device — TGA Code Part 6 testimonial,travel,"Nature’s Energy, Glebe: A Spiritual Haven",true,Sigourney Cantelo,2023-11-23,763,1,,infrared,infrared,0,,5,0,0,By the time Jill collects me for my reflexology I have to stop myself from nodding off into the cushions.,,,content/destinations/travel/go-tos-natures-energy-glebe/go-tos-natures-energy-glebe.mdx
P2,First-person account of a therapeutic device — TGA Code Part 6 testimonial,travel,1 Hotel Melbourne Review: The Wellness Hotel Changing City Stays,true,Beauticate Editorial,2026-05-03,1485,2,,infrared; red light,infrared; red light,0,,1,0,0,"Checking in, I noticed the staff first.",,,content/destinations/travel/1-hotel-melbourne-review/1-hotel-melbourne-review.mdx
P3,Efficacy / superiority claim about a clinical service,clinics,"Aesthetica, Byron Bay",true,Sigourney Cantelo,2026-01-15,99,3,injectable; prp; skin needling,,injectable; prp; skin needling,0,,0,0,1,,,"Injectables, skin needling, LED, PRP, plasma lift and a skin nutrition consult if you want to fix things from the inside.",content/destinations/clinics/aesthetica-byron-bay/aesthetica-byron-bay.mdx
P4,"First-person or relayed account, no clinical service detected — check for therapeutic goods",travel,The Island That Saved Our Family Holiday,true,Sigourney Cantelo,2026-06-30,2316,0,,,,0,,15,0,2,"Three days into our first family trip to Bali, I am standing in a lane in Canggu watching my ten-year-old attempt to smuggle a street dog into our villa.",,"Lulu, who treats anything unfamiliar on a plate with deep suspicion, tastes the chicken.",content/destinations/travel/nusa-lembongan/nusa-lembongan.mdx
P4,"First-person or relayed account, no clinical service detected — check for therapeutic goods",travel,Is Sanur Bali's Best-Kept Secret? And Where to Stay,true,Sigourney Cantelo,2026-07-21,2318,0,,,,0,,14,0,0,By day three I was ready for a slower pace.,,,content/destinations/travel/sanur-bali-hotel-review/sanur-bali-hotel-review.mdx
P4,"First-person or relayed account, no clinical service detected — check for therapeutic goods",travel,The Exact Products a Beauty Editor Packs for Europe,true,Zoe Briggs,2025-03-28,1253,0,,,,0,,14,0,1,"Being the obsessive beauty editor I am, I spent months whittling down which products would make the cut.",,"<Caption>@cee__clear</Caption>

<PullQuote>The right edit would ensure I'd feel as fabulous at a fancy Left Bank dinner as I would feel neat and put together in the Scottish highla",content/destinations/travel/the-exact-products-a-beauty-editor-packs-for-europe/the-exact-products-a-beauty-editor-packs-for-europe.mdx
P4,"First-person or relayed account, no clinical service detected — check for therapeutic goods",travel,Skincare Mecca: Why You Need to Visit Korea’s Skincare Streets,true,Libby Moffet,2019-03-26,1475,0,,,,0,,13,0,1,"But believe me, for the skincare devotee the shopping experience is far sweeter than anything a giant M&M store can deliver._

 

<Caption>Camille Tries to Blog</Caption>

K-Beauty",,"After a warming cup of jujube ginseng tea and some delicious treats, I head into the night to meet up with my family, who comment on my dewy face.",content/destinations/travel/skincare-mecca-why-you-need-to-visit-myeongdong/skincare-mecca-why-you-need-to-visit-myeongdong.mdx
P4,"First-person or relayed account, no clinical service detected — check for therapeutic goods",clinics,"Bare Beauty House, Manly",true,Sigourney Cantelo,2026-01-15,575,0,,,,0,,11,0,1,"Sustainable Products and Flawless Nails

Since moving to the Northern Beaches in 2020, I've become quite the regular at Bare.",,"Salt Scrub and Massage Bliss

Today I'm here for a colour touch up and cut and a scrub/massage which I've scheduled for myself as a little mid-winter treat.",content/destinations/clinics/bare-beauty-house-manly/bare-beauty-house-manly.mdx
P4,"First-person or relayed account, no clinical service detected — check for therapeutic goods",travel,Wolgan Valley Resort & Spa Review,true,Sigourney Cantelo,2014-08-12,923,0,,,,0,,11,0,0,I had been anticipating this for weeks.,,,content/destinations/travel/sigourneys-edit-wolgan-valley/sigourneys-edit-wolgan-valley.mdx
P4,"First-person or relayed account, no clinical service detected — check for therapeutic goods",spas-retreats,"Crown Spa, Melbourne",true,Beauticate Editorial,2026-01-15,705,0,,,,0,,10,0,2,"Once I've made my way to level three, there is a welcome change of pace.",,"The Private Indulgence Suite

I'm thrilled when I'm welcomed by my therapist Sally, I've had facials with her a few times over the last ten years (she's been at the spa for fifteen",content/destinations/spas-retreats/crown-spa-melbourne/crown-spa-melbourne.mdx
P4,"First-person or relayed account, no clinical service detected — check for therapeutic goods",travel,My New Zealand Beauty Haul,true,Sigourney Cantelo,2019-11-26,1189,0,,,,0,,10,0,1,I am keen to see what the OTHER K Beauty is like.,,"On the table is a plate of incredible treats, a handwritten note and a bottle of Mumm champagne in an ice bucket.",content/destinations/travel/my-new-zealand-beauty-haul/my-new-zealand-beauty-haul.mdx
P4,"First-person or relayed account, no clinical service detected — check for therapeutic goods",clinics,"Djurra Lifestyle Salon and Spa, Fremantle",true,Lucy Searle,2026-01-15,727,0,,,,0,,9,0,1,"Setting the Tone for Each Guest

I arrive for my blow dry and, like any hair salon on a Saturday afternoon, the place is buzzing.",,"At the end of my blow dry, I'm invited into the makeup chair for a little touch up with the beautiful Aveda mineral makeup, a little treat offered to all guests at Djurra.",content/destinations/clinics/djurra-salon-freemantle/djurra-salon-freemantle.mdx
P4,"First-person or relayed account, no clinical service detected — check for therapeutic goods",clinics,"Mineral Lifestyle Hair Spa, Paddington",true,Isabella Ousby,2026-01-15,644,0,,,,0,,9,0,0,"Aveda Spa Facial and Foot Scrub

Upon arrival I am offered a glass of Aveda tea; a refreshing mix of licorice root and peppermint, which I sip while filling out a chart of my skin’",,,content/destinations/clinics/mineral-lifestyle-hair-spa-paddington/mineral-lifestyle-hair-spa-paddington.mdx
P4,"First-person or relayed account, no clinical service detected — check for therapeutic goods",spas-retreats,"Chi Spa, Shangri La Hotel, Sydney",true,Sigourney Cantelo,2026-01-15,638,0,,,,0,,9,0,1,I’m led to a little relaxation nook around the corner to fill out my treatment card.,,"The ultimate treat at Chi Spa is a massage

> _Review by Sigourney Cantelo_",content/destinations/spas-retreats/chi-spa-shangri-la-hotel-sydney/chi-spa-shangri-la-hotel-sydney.mdx
P4,"First-person or relayed account, no clinical service detected — check for therapeutic goods",travel,The Bali Resort That Solves the Family Holiday Dilemma,true,Sigourney Cantelo,2026-06-21,2128,0,,,,0,,9,0,1,"<Portrait src=""/content/destinations/travel/paradisus-bali-melia-review/canang-sari.jpg"" alt=""Canang sari flower offering being made by hand at Paradisus Bali welcome ceremony"" sid",,Paradisus won't fix your life.,content/destinations/travel/paradisus-bali-melia-review/paradisus-bali-melia-review.mdx
P4,"First-person or relayed account, no clinical service detected — check for therapeutic goods",spas-retreats,"Southern Spa, Southern Ocean Lodge, Kangaroo Island",true,Madeleine Boyd,2026-01-15,584,0,,,,0,,8,0,0,"As I sip on *Li'tya*'s signature *Yulu* herbal tea (a sweet, berry-tasting blend of lemon myrtle, wild lime, aniseed and plum), I feel the tension in my body gradually start to mel",,,content/destinations/spas-retreats/southern-spa-southern-ocean-lodge/southern-spa-southern-ocean-lodge.mdx
P4,"First-person or relayed account, no clinical service detected — check for therapeutic goods",spas-retreats,"The Spa, Rae’s on Watego’s, Byron Bay",true,Sigourney Cantelo,2026-01-15,806,0,,,,0,,8,0,0,"Reiki Healing and Bespoke Facial Treatment

She does a double cleanse and then during a deep, satisfying steam I feel her hands on my forehead and I know she’s doing Reiki on me, I",,,content/destinations/spas-retreats/the-spa-raes-on-wategos-byron-bay/the-spa-raes-on-wategos-byron-bay.mdx
P4,"First-person or relayed account, no clinical service detected — check for therapeutic goods",travel,"Gaia Retreat & Spa, Byron Bay",true,Sigourney Cantelo,2015-12-31,1049,0,,,,0,,8,0,0,"Arriving at Gaia Retreat

I arrive at Gaia late on a Sunday so I miss the usual welcome process and group meditation, but as soon as I step through the carved wooden archway I can ",,,content/destinations/travel/gaia-byron-bay/gaia-byron-bay.mdx
P4,"First-person or relayed account, no clinical service detected — check for therapeutic goods",travel,Rediscovering LA: A Luxury Travel Guide to Beverly Hills & Beyond,true,Sigourney Cantelo,2025-02-18,1204,0,,,,0,,8,0,0,"After discovering days earlier that my beloved Dyson Airwrap doesn’t work in the US (thanks to voltage incompatibility), I am overjoyed when I spot one in the spa changing rooms.",,,content/destinations/travel/la-travel-guide-beverly-hills/la-travel-guide-beverly-hills.mdx
P4,"First-person or relayed account, no clinical service detected — check for therapeutic goods",travel,"Vietnam’s New Vibe, Sigourney’s Edit",true,Sigourney Cantelo,2018-03-01,1800,0,,,,0,,8,0,0,"Flying Business Class to Hanoi

When the invitation to Vietnam first pings into my inbox it seems there will be no way to get this across the line with my husband until I realise I",,,content/destinations/travel/vietnams-new-vibe-sigourneys-edit/vietnams-new-vibe-sigourneys-edit.mdx
P4,"First-person or relayed account, no clinical service detected — check for therapeutic goods",spas-retreats,"Aurora Spa, St Kilda",true,Beauticate Editorial,2026-01-15,560,0,,,,0,,7,0,0,"THE DAYSPA IS LIGHT AND BRIGHT

Walking through the dark and broody lobby of the Price and up a black cement staircase, I have a sense of shedding the urban doldrums.",,,content/destinations/spas-retreats/aurora-spa-st-kilda/aurora-spa-st-kilda.mdx
P4,"First-person or relayed account, no clinical service detected — check for therapeutic goods",spas-retreats,COMO Shambhala Urban Escape,true,Lucy Searle,2026-01-15,441,0,,,,0,,7,0,0,I arrive at the inner city sanctuary through the serene hotel arrivals lounge and pass through an expansive hallway complete with subdued lighting.,,,content/destinations/spas-retreats/como-shambhala-urban-escape/como-shambhala-urban-escape.mdx
P4,"First-person or relayed account, no clinical service detected — check for therapeutic goods",spas-retreats,"Crown Spa Perth, WA",true,Sigourney Cantelo,2026-01-15,764,0,,,,0,,7,0,0,"The Couples Suite and Treatment Setup

After filling out my form over a cup of herbal tea, my therapist Yvonne collects me and leads me through to the Couples’ suite: an opulent ye",,,content/destinations/spas-retreats/crown-spa-perth-review/crown-spa-perth-review.mdx
P4,"First-person or relayed account, no clinical service detected — check for therapeutic goods",spas-retreats,"Spa by Jw, Jw Marriott Gold Coast",true,Sigourney Cantelo,2026-01-15,750,0,,,,0,,7,0,1,"I’ve spent the afternoon frantically working from a sunlounger while trying to keep an eye on two excited children, so as I step into the spa for the launch event, I breathe a sigh",,"Nature’s Elixir Oil, aka the 12 Hour Miracle Oil and use it for the rest of my trip whenever I’m feeling sapped of moisture.",content/destinations/spas-retreats/spa-by-jw-jw-marriott-gold-coast/spa-by-jw-jw-marriott-gold-coast.mdx
P4,"First-person or relayed account, no clinical service detected — check for therapeutic goods",travel,48 Hours in Paris with Sephora,true,Sigourney Cantelo,2016-09-21,1776,0,,,,0,,7,0,0,I’ve been waiting for this article since I saw all of your glamorous pictures on Instagram – definitely did not disappoint!,,,content/destinations/travel/48-hours-in-paris-with-sephora/48-hours-in-paris-with-sephora.mdx
P4,"First-person or relayed account, no clinical service detected — check for therapeutic goods",spas-retreats,"Chakana Day Spa + Wellbeing, Avalon",true,Sigourney Cantelo,2026-01-15,780,0,,,,0,,6,0,0,"Mardi welcomes me warmly and, opening a large antique wooden door walks us past a waiting room and several hushed treatment rooms.",,,content/destinations/spas-retreats/chakana-day-spa-wellbeing-avalon-2/chakana-day-spa-wellbeing-avalon-2.mdx
P4,"First-person or relayed account, no clinical service detected — check for therapeutic goods",travel,"Ultimate Holiday Essentials, Sigourney’s Edit",true,Sigourney Cantelo,2017-01-05,936,0,,,,0,,6,0,0,I love that they have a roll-on for travel.,,,content/destinations/travel/ultimate-holiday-essentials-sigourneys-edit/ultimate-holiday-essentials-sigourneys-edit.mdx
P4,"First-person or relayed account, no clinical service detected — check for therapeutic goods",travel,Why You Need to Book a ‘Fitcation,true,Sigourney Cantelo,2018-01-16,982,0,,,,0,,6,0,0,"Sigourney checked in and reported back…

 

“i’m Really Not Feeling Very Fit When I Arrive…

Reading the 6.45am start time on my itinerary doesn’t faze me, because I have small gre",,,content/destinations/travel/why-you-need-to-book-a-fit-cation/why-you-need-to-book-a-fit-cation.mdx
P4,"First-person or relayed account, no clinical service detected — check for therapeutic goods",clinics,"Bixie Colour, Caringbah",true,Sigourney Cantelo,2026-01-15,654,0,,,,0,,5,0,0,"Arriving for a Colour Transformation

When I make the journey south to Caringbah, I have high hopes.",,,content/destinations/clinics/bixie-colour/bixie-colour.mdx
P4,"First-person or relayed account, no clinical service detected — check for therapeutic goods",spas-retreats,"Spa Q, Qt Gold Coast",true,Sigourney Cantelo,2026-01-15,527,0,,,,0,,5,0,0,I've just checked into the hotel for two nights with the family and am already slipping into holiday mode.,,,content/destinations/spas-retreats/spa-q-qt-resort-gold-coast/spa-q-qt-resort-gold-coast.mdx
P4,"First-person or relayed account, no clinical service detected — check for therapeutic goods",spas-retreats,"Halcyon House, Cabarita Beach, NSW",true,Sigourney Cantelo,2026-01-15,612,0,,,,0,,5,0,0,"The Spa Boutique and Sodashi Products

As I enter and check in for my massage I am distracted by an enticing wall of Lucy Folk sunglasses and the Spa Boutique, stocked with linen s",,,content/destinations/spas-retreats/the-go-tos-halcyon-house-nsw/the-go-tos-halcyon-house-nsw.mdx
P4,"First-person or relayed account, no clinical service detected — check for therapeutic goods",clinics,"Edwards and Co, Melbourne",true,Arianne Witt,2026-01-15,648,0,,,,0,,4,0,0,Being a business owner who frequently travels between all five of his salons I was lucky enough to catch Jaye while he was in town and get treated by the man himself!,,,content/destinations/clinics/edwards-and-co-melbourne/edwards-and-co-melbourne.mdx
P4,"First-person or relayed account, no clinical service detected — check for therapeutic goods",clinics,"Herbario, Prahran",true,Kath Karras,2026-01-15,282,0,,,,0,,4,0,0,"Upstairs from her shop of herbal concoctions, Valli examines my face, in a very matter-of-fact manner.",,,content/destinations/clinics/herbario-prahran/herbario-prahran.mdx
P4,"First-person or relayed account, no clinical service detected — check for therapeutic goods",clinics,"Wildlife Studio, McMahon’s Point",true,Sigourney Cantelo,2026-01-15,656,0,,,,0,,4,0,0,"A Rainy Friday at Blues Point Road

I arrive for my colour appointment with salon owner Monica on a rainy Friday and am immediately welcomed by the lovely Craig, with his charming ",,,content/destinations/clinics/wildlife-studio-mcmahons-point/wildlife-studio-mcmahons-point.mdx
P4,"First-person or relayed account, no clinical service detected — check for therapeutic goods",clinics,"Olive & July, WA",true,Tess Schlink,2026-01-15,674,0,,,,0,,4,0,0,"A Beautifully Designed Subiaco Salon

I arrive at the salon on a typical blistering Perth summer’s day and stepping inside is blissful, it’s airy and bright, with a blush pink sofa",,,content/destinations/clinics/you-have-to-visit-this-cult-perth-beauty-hub/you-have-to-visit-this-cult-perth-beauty-hub.mdx
P4,"First-person or relayed account, no clinical service detected — check for therapeutic goods",spas-retreats,"Salus Spa, the Lakehouse, Daylesford",true,Sigourney Cantelo,2026-01-15,880,0,,,,0,,4,0,0,This is actually the second time Damien and I have stayed at The Lakehouse and on the drive down we reminisce our last trip.,,,content/destinations/spas-retreats/salus-spa-the-lakehouse-daylesford/salus-spa-the-lakehouse-daylesford.mdx
P4,"First-person or relayed account, no clinical service detected — check for therapeutic goods",spas-retreats,"Stephanie’s Vintage Spa, Cleveland",true,Beauticate Editorial,2026-01-15,428,0,,,,0,,4,0,0,"Having frequented Stephanie’s Urban Spa and Spa Retreat, I had an idea of what to expect from this renowned Queensland brand; but when I arrived at Stephanie’s Vintage Day Spa I co",,,content/destinations/spas-retreats/stephanies-vintage-spa-cleveland/stephanies-vintage-spa-cleveland.mdx
P4,"First-person or relayed account, no clinical service detected — check for therapeutic goods",travel,"Road Trip Beauty Essentials, Sigourney’s Edit",true,Sigourney Cantelo,2017-03-27,986,0,,,,0,,4,0,0,"But, hey, this was a beauty challenge I was very happy to take on.",,,content/destinations/travel/road-trip-beauty-essentials-sigourneys-edit/road-trip-beauty-essentials-sigourneys-edit.mdx
P4,"First-person or relayed account, no clinical service detected — check for therapeutic goods",travel,"Country Getaway, Sigourney’s Edit",true,Sigourney Cantelo,2014-09-29,877,0,,,,0,,4,0,0,I have fantasies about big farmhouse tables and gumboots lined up by the door.,,,content/destinations/travel/sigourneys-edit-country-getaway/sigourneys-edit-country-getaway.mdx
P4,"First-person or relayed account, no clinical service detected — check for therapeutic goods",clinics,"Delphine Sorel, Sydney",true,Tess Schlink,2026-01-15,609,0,,,,0,,3,0,0,"From that moment on I was obsessed with eyebrows and my passion has only increased over time.”

 

The Eyebrow Style and Tint Experience

Delphine is most renowned for her eyebrow ",,,content/destinations/clinics/delphine-sorel-sydney/delphine-sorel-sydney.mdx
P4,"First-person or relayed account, no clinical service detected — check for therapeutic goods",clinics,"Mr Burrows, Newtown",true,Megan McGlinchey,2026-01-15,363,0,,,,0,,3,0,0,"Upon arrival, I am greeted with a beverage of choice (my choice?",,,content/destinations/clinics/mr-burrows-newtown/mr-burrows-newtown.mdx
P4,"First-person or relayed account, no clinical service detected — check for therapeutic goods",clinics,"Wieselmann, South Yarra",true,Beauticate Editorial,2026-01-15,433,0,,,,0,,3,0,0,"As I'm ushered to my seat by the warm and approachable reception staff, I order a (much needed) *latté* and some *biscotti*.",,,content/destinations/clinics/wieselmann-south-yarra/wieselmann-south-yarra.mdx
P4,"First-person or relayed account, no clinical service detected — check for therapeutic goods",spas-retreats,"The Ritz-Carlton Spa, Melbourne",true,Sigourney Cantelo,2026-01-15,971,0,,,,0,,3,0,1,"Then, dressed elegantly for the evening, I head down to the Atria Restaurant for dinner, eagerly anticipating the exquisite culinary experiences that await.",,"Available to guests anytime, these treats showcase the beauty of gourmet indulgence.",content/destinations/spas-retreats/discover-beauty-at-melbournes-most-luxurious-spa/discover-beauty-at-melbournes-most-luxurious-spa.mdx
P4,"First-person or relayed account, no clinical service detected — check for therapeutic goods",spas-retreats,"One & Only Spa at Hayman Island, the Whitsundays",true,Sigourney Cantelo,2026-01-15,548,0,,,,0,,3,0,0,I arrive for my massage and pedicure feeling sleepy and sun drunk from a morning spent snorkeling the reef at nearby Langford Island.,,,content/destinations/spas-retreats/one-only-spa-at-hayman-island-the-whitsundays/one-only-spa-at-hayman-island-the-whitsundays.mdx
P4,"First-person or relayed account, no clinical service detected — check for therapeutic goods",spas-retreats,"The Darling Spa, Pyrmont",true,Sigourney Cantelo,2026-01-15,482,0,,,,0,,3,0,0,"I’m booked in for a massage today, but I have had the La Prairie Skin Caviar facial before, which was superbly luxurious.",,,content/destinations/spas-retreats/the-darling-spa-pyrmont/the-darling-spa-pyrmont.mdx
P4,"First-person or relayed account, no clinical service detected — check for therapeutic goods",spas-retreats,"Bells at Killcare Day Spa, Killcare NSW",true,Beauticate Editorial,2026-01-15,554,0,,,,0,,3,0,1,After a quick change into a terry robe and slippers I fill out my treatment form swiftly.,,"I’m soothed into a delicious state of bliss, to a soundtrack of didgeridoo and tribal song…

Rhythmic Massage and Facial Sequence

barely registering when I roll over to treat the ",content/destinations/spas-retreats/the-go-tos-bells-at-killcare-day-spa-nsw/the-go-tos-bells-at-killcare-day-spa-nsw.mdx
P4,"First-person or relayed account, no clinical service detected — check for therapeutic goods",travel,We Needed a Break: Our Family Getaway to Bannisters Port Stephens,true,Kristina Zhou,2025-10-06,1065,0,,,,0,,3,0,1,"The virgin margarita I ordered was possibly the best non-alcoholic cocktail I've ever tasted - spicy, zesty, unapologetically grown-up.",,"Paired with guacamole and tacos, it was the kind of dinner that didn't need to be fancy to feel like a treat.",content/destinations/travel/bannisters-port-stephens-family-getaway/bannisters-port-stephens-family-getaway.mdx
P4,"First-person or relayed account, no clinical service detected — check for therapeutic goods",travel,Thermal Baths and Vineyards: Why I Adore the Mornington Peninsula,true,Sigourney Cantelo,2019-12-03,1479,0,,,,0,,3,0,2,I had a tiny taste of Victoria’s Mornington Peninsula when I went to Portsea Polo a few years ago and have been looking for any excuse to return ever since.,,"By some miracle, the sun is out and, although chilly, it’s a nice respite from the hot water.",content/destinations/travel/thermal-baths-and-vineyards-why-i-adore-the-mornington-peninsula/thermal-baths-and-vineyards-why-i-adore-the-mornington-peninsula.mdx
P4,"First-person or relayed account, no clinical service detected — check for therapeutic goods",clinics,"Aesop, Paddington",true,Jennah Porter,2026-01-15,287,0,,,,0,,2,0,0,"As I descend into the Japanese-inspired treatment room, renowned facialist Sabrina Kafka-Girard greets me with a selection of calming herbal teas and tucks me into the luxurious wh",,,content/destinations/clinics/aesop-paddington/aesop-paddington.mdx
P4,"First-person or relayed account, no clinical service detected — check for therapeutic goods",clinics,"Edwards & Co, Surry Hills",true,Sigourney Cantelo,2026-01-15,606,0,,,,0,,2,0,0,"The lack of a mirror in front of me makes me feel much less conscious of the fact I have a headful of foils on, and much more able to get fully absorbed into my work.",,,content/destinations/clinics/edwards-co-surry-hills/edwards-co-surry-hills.mdx
P4,"First-person or relayed account, no clinical service detected — check for therapeutic goods",clinics,"Juliana Marcs, Double Bay",true,Chrisanthi Kaliviotis,2026-01-15,618,0,,,,0,,2,0,0,"The Aveda Hair Wash Experience

I am moved to my chair by the simplistic, serene space at the basin in the back.",,,content/destinations/clinics/juliana-marcs-double-bay/juliana-marcs-double-bay.mdx
P4,"First-person or relayed account, no clinical service detected — check for therapeutic goods",clinics,"Que Colour, Darlinghurst",true,Amanda Chan,2026-01-15,347,0,,,,0,,2,0,0,"As I arrive and take a seat inside the salon, I’m immediately offered tea and coffee by the lovely staff.",,,content/destinations/clinics/que-colour-darlinghurst/que-colour-darlinghurst.mdx
P4,"First-person or relayed account, no clinical service detected — check for therapeutic goods",clinics,"Raw Anthony Nader, Surry Hills",true,Jill Sandringham,2026-01-15,402,0,,,,0,,2,0,0,"For, after being charmingly greeted by the receptionist and ushered into a plush leather chair I was instantly offered tea (organic; and a variety of creeds and colours), coffee (l",,,content/destinations/clinics/raw-anthony-nader-surry-hills/raw-anthony-nader-surry-hills.mdx
P4,"First-person or relayed account, no clinical service detected — check for therapeutic goods",clinics,"Robertson Kirkwood Salon, Rozelle",true,Megan McGlinchey,2026-01-15,499,0,,,,0,,2,0,0,"As I walk through the doors off the busy Darling Street, I’m greeted by the most gorgeous light fitting I’ve ever seen.",,,content/destinations/clinics/robertson-kirkwood-salon-rozelle/robertson-kirkwood-salon-rozelle.mdx
P4,"First-person or relayed account, no clinical service detected — check for therapeutic goods",salons,"Headcase Hair, Paddington",true,Isabella Ousby,2026-01-15,535,0,,,,0,,2,0,1,"So it’s safe to say, I feel pretty confident letting Jon cut my hair.",,"Olaplex is a miracle product that stops your hair feeling like straw after its been dyed, which, as Jon tells me, is because the product works at reforming and strengthening the bo",content/destinations/salons/headcase-hair-paddington/headcase-hair-paddington.mdx
P4,"First-person or relayed account, no clinical service detected — check for therapeutic goods",salons,"KODA Cutters, Bondi",true,Tess Schlink,2026-01-15,492,0,,,,0,,2,0,0,"Given that we are hosting an event with Armani this evening, I'm thrilled that Diane makes a space in her schedule to *zhoosh* my hair.",,,content/destinations/salons/koda-cutters-bondi/koda-cutters-bondi.mdx
P4,"First-person or relayed account, no clinical service detected — check for therapeutic goods",travel,"How to Do Bangkok Briefly, but Beautifully, Sigourney''s Edit",true,Sigourney Cantelo,2019-02-18,863,0,,,,0,,2,0,1,We do a movie embrace and I have to admit there are a few little tears on my behalf.,,Our luggage is whisked away and we’re escorted to the newly developed Club Wing for a swift and painless check in.,content/destinations/travel/bangkok-short-stay-guide/bangkok-short-stay-guide.mdx
P4,"First-person or relayed account, no clinical service detected — check for therapeutic goods",travel,Make This Coastal Beach House Your Next Weekend Away,true,Kristina Zhou,2019-07-09,906,0,,,,0,,2,0,0,"The team – Alice (photographer), Patrick (videographer), Kat (hair and makeup artist), Sigourney and I head down to Zenith Beach to shoot something special for Chanel.",,,content/destinations/travel/boho-bliss-meets-coastal-charm-a-stunning-getaway/boho-bliss-meets-coastal-charm-a-stunning-getaway.mdx
P4,"First-person or relayed account, no clinical service detected — check for therapeutic goods",travel,Escape Here: The South Coast Sanctuary for Self Care,true,Sigourney Cantelo,2020-10-20,1132,0,,,,0,,2,0,1,"In my role as consultant with the brand, I had the lucky job of taking the trip to gather content for our collaboration.",,"Not only is it a way to treat guests, it also shines a light on our amazing local travel industry.",content/destinations/travel/escape-here-the-south-coast-sanctuary-for-self-care/escape-here-the-south-coast-sanctuary-for-self-care.mdx
P4,"First-person or relayed account, no clinical service detected — check for therapeutic goods",travel,"Where to Stay, Eat & Heal in Kerala: A First-Timer’s Guide",true,Sigourney Cantelo,2025-04-04,1156,0,,,,0,,2,0,0,I expect serenity.,,,content/destinations/travel/kerala-travel-guide/kerala-travel-guide.mdx
P4,"First-person or relayed account, no clinical service detected — check for therapeutic goods",travel,"The Other Side of Ibiza, Sigourney’s Edit",true,Sigourney Cantelo,2016-11-16,1583,0,,,,0,,2,0,0,I was still sterilizing bottles for Lulu and making purees so we needed a full service kitchen.,,,content/destinations/travel/the-other-side-of-ibiza-sigourneys-edit/the-other-side-of-ibiza-sigourneys-edit.mdx
P4,"First-person or relayed account, no clinical service detected — check for therapeutic goods",travel,We Visited This Top Bali Resort (and You Can Too),true,Sigourney Cantelo,2018-10-09,937,0,,,,0,,2,0,0,"I have not one, but two day beds and the lush garden comes complete with fragrant frangipanis and electric pink bougainvillea.",,,content/destinations/travel/we-visited-this-top-bali-resort-and-you-can-too/we-visited-this-top-bali-resort-and-you-can-too.mdx
P4,"First-person or relayed account, no clinical service detected — check for therapeutic goods",travel,"We Visited TripAdvisor''s Best Luxury Fiji Hotel, Here''s Our Verdict",true,Sigourney Cantelo,2019-08-28,1410,0,,,,0,,2,0,0,"Again, swapping incredulous wide-eyed looks at one another, Damien and I head upstairs to dress for dinner.",,,content/destinations/travel/we-visited-trip-advisors-best-luxury-fiji-hotel-heres-our-verdict/we-visited-trip-advisors-best-luxury-fiji-hotel-heres-our-verdict.mdx
P4,"First-person or relayed account, no clinical service detected — check for therapeutic goods",travel,We’ve Found a Dreamy South Coast Escape That’s Perfect for Events,true,Sigourney Cantelo,2018-08-08,816,0,,,,0,,2,0,0,"I was speaking to Kate, who runs South Coast Experiences – a company that puts on memorable events in the area and works closely with Soul.",,,content/destinations/travel/weve-found-a-dreamy-south-coast-escape-thats-perfect-for-events/weve-found-a-dreamy-south-coast-escape-thats-perfect-for-events.mdx
P4,"First-person or relayed account, no clinical service detected — check for therapeutic goods",travel,Why the Central Coast is Worth Revisiting,true,Kristina Zhou,2023-07-05,1040,0,,,,0,,2,0,0,I try on the new season collection and fall in love with a purple blazer dress.,,,content/destinations/travel/why-the-central-coast-is-worth-revisiting/why-the-central-coast-is-worth-revisiting.mdx
P4,"First-person or relayed account, no clinical service detected — check for therapeutic goods",travel,"Winter Weekend Escape to Bells at Killcare, Sigourney’s Edit",true,Sigourney Cantelo,2018-07-25,1228,0,,,,0,,2,0,1,"The beach is apparently a short walk away, although I was nursing a sprained ankle so never made it there.",,"I knew there would be a big bathtub so I packed a bottle of Jo Malone English Pear and Freesia Bath Oil and, once submerged, with a glass of wine in hand, I pop on one of Zoe Foste",content/destinations/travel/winter-weekend-escape-to-bells-at-killcare-sigourneys-edit/winter-weekend-escape-to-bells-at-killcare-sigourneys-edit.mdx
P4,"First-person or relayed account, no clinical service detected — check for therapeutic goods",clinics,"The Parlour Room, Clovelly",true,Sigourney Cantelo,2026-01-15,730,0,,,,0,,1,0,1,"The Instagram Wall of Selfies

 

The Instagram Wall of Selfies

“I love bringing a group of girls together, to make them feel really beautiful and happy about themselves,” she say",,“We also treat every client like a celebrity.,content/destinations/clinics/the-parlour-room/the-parlour-room.mdx
P4,"First-person or relayed account, no clinical service detected — check for therapeutic goods",destinations,Where Family Memories Are Made,true,Sigourney Cantelo,2026-06-05,1258,0,,,,0,,1,0,0,That's what I felt so clearly across two stays with Wild Luxury.,,,content/destinations/where-family-memories-are-made/where-family-memories-are-made.mdx
P4,"First-person or relayed account, no clinical service detected — check for therapeutic goods",salons,The Best Sydney Beauty Treatments for Post-Lockdown Preening,true,Tess Schlink,2026-01-15,407,0,,,,0,,1,0,0,"I went for her eyebrow styling and tint, and my brows were full, fluffy, and tinted just enough, not so much as too look weird with my fair hair, but enough to make me feel groomed",,,content/destinations/salons/the-best-sydney-beauty-treatments-for-post-lockdown-preening/the-best-sydney-beauty-treatments-for-post-lockdown-preening.mdx
P4,"First-person or relayed account, no clinical service detected — check for therapeutic goods",travel,"Powder, Onsens & Snow Monkeys: A Family Ski Holiday to Japan",true,Sigourney Cantelo,2025-08-10,991,0,,,,0,,1,0,0,"As a beginner skier, I loved the soft powder, gentle green runs, and the ski school for the kids.",,,content/destinations/travel/family-ski-holiday-to-japan/family-ski-holiday-to-japan.mdx
P4,"First-person or relayed account, no clinical service detected — check for therapeutic goods",travel,Phu Quoc: Vietnam’s New Go-to Luxury Destination,true,Sigourney Cantelo,2024-12-20,1283,0,,,,0,,1,0,0,"Not exactly the holiday souvenir I was hoping for, but I was grateful for the care and the calming reassurances from the hotel staff.",,,content/destinations/travel/phu-quoc-vietnams-new-go-to-luxury-destination/phu-quoc-vietnams-new-go-to-luxury-destination.mdx
P4,"First-person or relayed account, no clinical service detected — check for therapeutic goods",travel,Where Family Memories Are Made,true,Sigourney Cantelo,2026-06-05,1151,0,,,,0,,1,0,0,That’s what I felt so clearly across two stays with **Wild Luxury**.,,,content/destinations/travel/sustainable-luxury-travel-australia-wild-luxury-review/sustainable-luxury-travel-australia-wild-luxury-review.mdx
P4,"First-person or relayed account, no clinical service detected — check for therapeutic goods",clinics,"Ella Bache, Bondi Junction",false,Sigourney Cantelo,2026-01-15,510,0,,,,0,,11,0,1,"I'm wedging my Extreme Regeneration Mask & AHA Peel Express Facial Treatment between a meeting and a lunch launch, and there's no time for any fluffiness.",,"My skin calms down almost immediately and gratefully laps up the lotion with Intex Oil to massage, a true Ella Baché original blend packed with ingredients to nourish, treat and re",content/destinations/clinics/ella-bache-bondi-junction/ella-bache-bondi-junction.mdx
P4,"First-person or relayed account, no clinical service detected — check for therapeutic goods",clinics,"Zucci, St James",false,Lauren Kennedy,2026-01-15,542,0,,,,0,,11,0,2,"I'm impressed by not one, but two walls of Aveda product heaven.",,"I pick the Stress-Fix Composition Oil, which immediately helps me zone out after a hectic week.",content/destinations/clinics/zucci-stjames/zucci-stjames.mdx
P4,"First-person or relayed account, no clinical service detected — check for therapeutic goods",clinics,"Dessange, Paddington",false,Sigourney Cantelo,2026-01-15,604,0,,,,0,,9,0,0,"As I walk into the sleek monochrome reception area, with its gleaming perspex surfaces, I'm warmly welcomed by Caroline Pons, owner of the Paddington Salon.",,,content/destinations/clinics/dessange-paddington/dessange-paddington.mdx
P4,"First-person or relayed account, no clinical service detected — check for therapeutic goods",spas-retreats,"L'Occitane Petit Spa, Subiaco",false,Sigourney Cantelo,2026-01-15,830,0,,,,0,,7,0,0,"I'm one of five media that have been flown over to Western Australia for the media launch, and the excitement is palpable.",,,content/destinations/spas-retreats/loccitane-petit-spa-subiaco-wa/loccitane-petit-spa-subiaco-wa.mdx
P4,"First-person or relayed account, no clinical service detected — check for therapeutic goods",spas-retreats,"L''occitane Petit Spa, Subiaco",false,Sigourney Cantelo,2026-01-15,790,0,,,,0,,7,0,0,"I'm one of five media that have been flown over to Western Australia for the media launch, and the excitement is palpable.",,,content/destinations/spas-retreats/loccitane-petit-spa/loccitane-petit-spa.mdx
P4,"First-person or relayed account, no clinical service detected — check for therapeutic goods",clinics,"Love Those Lashes, Paddington",false,Sigourney Cantelo,2026-01-15,451,0,,,,0,,5,0,0,"On arrival I am offered a cup of herbal tea before being shown through to the cushy beds, which feature indulgent faux fur blankets.",,,content/destinations/clinics/love-those-lashes-paddington/love-those-lashes-paddington.mdx
P4,"First-person or relayed account, no clinical service detected — check for therapeutic goods",clinics,"Tan Temple, Bondi",false,Alexis Gilmer,2026-01-15,643,0,,,,0,,5,0,2,We have a quick consultation to determine my skin type and she listens carefully to what colour I have in mind.,,"“In the end most clients really want a natural colour, not a body builder tan.” Tan Temple pride themselves on getting this right, so much so they have a satisfaction money-back gu",content/destinations/clinics/tan-temple-bondi/tan-temple-bondi.mdx
P4,"First-person or relayed account, no clinical service detected — check for therapeutic goods",travel,"Tikkun Holistic Spa, Santa Monica",false,Sigourney Cantelo,2015-04-28,639,0,,,,0,,5,0,1,"After reading media reports a few months back about Gwyneth Paltrow copping flack for steaming her uterus (yes, seriously -- read about it here), I was intrigued by the concept of ",,"Based on the ancient Korean ritual of *chai-yok*, the steam and herbs are meant to cleanse and detoxify the area which apparently in turn can help with infertility, sort out irregu",content/destinations/travel/tikkun-holistic-spa-santa-monica/tikkun-holistic-spa-santa-monica.mdx
P4,"First-person or relayed account, no clinical service detected — check for therapeutic goods",clinics,"Franck Provost Barangaroo, NSW",false,Sigourney Cantelo,2026-01-15,752,0,,,,0,,4,0,0,"Yes, it’s a big call, but, as I step inside the light-filled glass and steel space, I can see the aesthetics of the video aren’t going to be a problem.",,,content/destinations/clinics/franck-provost-barangaroo-nsw/franck-provost-barangaroo-nsw.mdx
P4,"First-person or relayed account, no clinical service detected — check for therapeutic goods",clinics,"Que Colour, Darlinghurst",false,Tess Schlink,2026-01-15,608,0,,,,0,,4,0,0,"Returning to Colour After Five Years

The last time I had my hair coloured was 2015, so I was more than a little nervous when entering the iconic Que Colour salon in Sydney’s Darli",,,content/destinations/clinics/que-colour-darlinghurst-2/que-colour-darlinghurst-2.mdx
P4,"First-person or relayed account, no clinical service detected — check for therapeutic goods",clinics,"Axis Hair, Braddon",false,Lauren Wilson,2026-01-15,293,0,,,,0,,3,0,0,When I was a student at ANU I use to get my hair cut and coloured at Axis ANU.,,,content/destinations/clinics/axis-hair-braddon/axis-hair-braddon.mdx
P4,"First-person or relayed account, no clinical service detected — check for therapeutic goods",clinics,"Headcase Hair, Paddington",false,Isabella Ousby,2026-01-15,536,0,,,,0,,2,0,1,"So it’s safe to say, I feel pretty confident letting Jon cut my hair.",,"Olaplex is a miracle product that stops your hair feeling like straw after its been dyed, which, as Jon tells me, is because the product works at reforming and strengthening the bo",content/destinations/clinics/headcase-hair-paddington/headcase-hair-paddington.mdx
P4,"First-person or relayed account, no clinical service detected — check for therapeutic goods",clinics,"KODA Cutters, Bondi",false,Tess Schlink,2026-01-15,482,0,,,,0,,2,0,0,"Given that we are hosting an event with Armani this evening, I'm thrilled that Diane makes a space in her schedule to *zhoosh* my hair.",,,content/destinations/clinics/koda-cutters-bondi/koda-cutters-bondi.mdx
P4,"First-person or relayed account, no clinical service detected — check for therapeutic goods",clinics,"The Nail Lab, Darlinghurst",false,Amy Cannan,2026-01-15,401,0,,,,0,,2,0,1,And I was right.,,"Little touches including the ability to pay with credit cards that are saved on file (to prevent smudging) and client files to note your favourite shades, are what set them apart.",content/destinations/clinics/the-nail-lab-darlinghurst/the-nail-lab-darlinghurst.mdx
P4,"First-person or relayed account, no clinical service detected — check for therapeutic goods",clinics,"Jocelyn Petroni, Woollahra",false,Sigourney Cantelo,2026-01-15,526,0,,,,0,,1,0,0,"Whenever I walk up the wooden terrace staircase for my facial with Joss, I can feel the stress of the day receding into unimportance.",,,content/destinations/clinics/jocelyn-petroni-woollahra/jocelyn-petroni-woollahra.mdx
P4,"First-person or relayed account, no clinical service detected — check for therapeutic goods",spas-retreats,"Chuan Spa, the Langham, Melbourne",false,Sigourney Cantelo,2026-01-15,778,0,,,,0,,1,0,2,"My therapist Rani is a beautiful girl with almond eyes and a soft, gentle voice.",,As soon as she lays her hands on my shoulders I can tell I’m in for a treat.,content/destinations/spas-retreats/chuan-spa-the-langham-melbourne-1/chuan-spa-the-langham-melbourne-1.mdx
P4,"First-person or relayed account, no clinical service detected — check for therapeutic goods",spas-retreats,"Red Ochre Spa, Ayers Rock",false,Jill Sandringham,2026-01-15,485,0,,,,0,,1,0,1,Regardless of whether you're getting the Express Pick Me Up ($90 for 30 mins) or the Pro-Collagen Quartz Lift ($180 for one hour 15 mins) your treatment will kick off with a lovely,,For a real treat why not book up for the two-hour long Desert Awakening package?,content/destinations/spas-retreats/red-ochre-spa-ayers-rock/red-ochre-spa-ayers-rock.mdx
OK,,bathhouses,"38° The Bathhouse, Bondi Beach",true,Sigourney Cantelo,2026-01-15,115,1,,infrared,infrared,0,,0,0,0,,,,content/destinations/bathhouses/38-the-bathhouse-bondi/38-the-bathhouse-bondi.mdx
OK,,bathhouses,"Aalto Community, Goodwood",true,Sigourney Cantelo,2026-01-15,99,0,,,,0,,0,0,0,,,,content/destinations/bathhouses/aalto-community-goodwood/aalto-community-goodwood.mdx
OK,,bathhouses,"Alchemy Saunas, East Fremantle",true,Sigourney Cantelo,2026-01-15,104,0,,,,0,,0,0,0,,,,content/destinations/bathhouses/alchemy-saunas-east-fremantle/alchemy-saunas-east-fremantle.mdx
OK,,bathhouses,"Capybara Bathing, Surry Hills",true,Sigourney Cantelo,2026-01-15,147,0,,,,0,,0,0,0,,,,content/destinations/bathhouses/capybara/capybara.mdx
OK,,bathhouses,"CHANGE Wellness, North Adelaide",true,Sigourney Cantelo,2026-01-15,101,1,,infrared,infrared,0,,0,0,0,,,,content/destinations/bathhouses/change-wellness-north-adelaide/change-wellness-north-adelaide.mdx
OK,,bathhouses,"Cloud 9 Sauna, MacMasters Beach",true,Sigourney Cantelo,2026-01-15,102,1,,infrared,infrared,0,,0,0,0,,,,content/destinations/bathhouses/cloud-9-sauna-macmasters-beach/cloud-9-sauna-macmasters-beach.mdx
OK,,bathhouses,"Comma, Cremorne",true,Sigourney Cantelo,2026-01-15,111,0,,,,0,,0,0,0,,,,content/destinations/bathhouses/comma-cremorne/comma-cremorne.mdx
OK,,bathhouses,"else BATHHOUSE, South Melbourne",true,Sigourney Cantelo,2026-01-15,106,0,,,,0,,0,0,0,,,,content/destinations/bathhouses/else-bathhouse-south-melbourne/else-bathhouse-south-melbourne.mdx
OK,,bathhouses,"Floating Sauna Lake Derby, Derby",true,Sigourney Cantelo,2026-01-15,106,0,,,,0,,0,0,0,,,,content/destinations/bathhouses/floating-sauna-lake-derby/floating-sauna-lake-derby.mdx
OK,,bathhouses,"MEND, Margaret River",true,Sigourney Cantelo,2026-01-15,102,1,,infrared,infrared,0,,0,0,0,,,,content/destinations/bathhouses/mend-margaret-river/mend-margaret-river.mdx
OK,,bathhouses,"Merse Wellness, Osborne Park",true,Sigourney Cantelo,2026-01-15,102,2,,infrared; led therapy,infrared; led therapy,0,,0,0,0,,,,content/destinations/bathhouses/merse-wellness-osborne-park/merse-wellness-osborne-park.mdx
OK,,bathhouses,"Nova Holistic Spa, Hobart",true,Sigourney Cantelo,2026-01-15,102,1,,infrared,infrared,0,,0,0,0,,,,content/destinations/bathhouses/nova-holistic-spa-hobart/nova-holistic-spa-hobart.mdx
OK,,bathhouses,"Onsen, Torrensville",true,Sigourney Cantelo,2026-01-15,101,1,,infrared,infrared,0,,0,0,0,,,,content/destinations/bathhouses/onsen-torrensville/onsen-torrensville.mdx
OK,,bathhouses,"Sol Saunas, Prahran",true,Sigourney Cantelo,2026-01-15,101,0,,,,0,,0,0,0,,,,content/destinations/bathhouses/sol-saunas-prahran/sol-saunas-prahran.mdx
OK,,bathhouses,"Tank Bathhouse & Champagne Bar, Mooloolaba",true,Sigourney Cantelo,2026-01-15,107,0,,,,0,,0,0,0,,,,content/destinations/bathhouses/tank-bathhouse-mooloolaba/tank-bathhouse-mooloolaba.mdx
OK,,bathhouses,"The Bathhouse Albion, Albion",true,Sigourney Cantelo,2026-01-15,105,1,,infrared,infrared,0,,0,0,0,,,,content/destinations/bathhouses/the-bathhouse-albion/the-bathhouse-albion.mdx
OK,,bathhouses,"Vikasati Bathhouse, Southport",true,Sigourney Cantelo,2026-01-15,107,0,,,,0,,0,0,0,,,,content/destinations/bathhouses/vikasati-bathhouse-southport/vikasati-bathhouse-southport.mdx
OK,,clinics,"Agape Hair, Hobart",true,Beauticate Editorial,2026-01-15,0,0,,,,0,,0,0,0,,,,content/destinations/clinics/agape-hair-hobart/agape-hair-hobart.mdx
OK,,clinics,"All Saints Skin Clinic, Double Bay",true,Sigourney Cantelo,2026-01-15,194,0,,,,0,,0,0,0,,,,content/destinations/clinics/all-saints-skin-clinic-double-bay/all-saints-skin-clinic-double-bay.mdx
OK,,clinics,"Blanc, Perth",true,Tess Schlink,2026-01-15,325,5,cosmetic doctor; cosmetic inject; injectable; laser,led light,cosmetic doctor; cosmetic inject; injectable; laser; led light,0,,0,0,0,,,,content/destinations/clinics/blanc-wa/blanc-wa.mdx
OK,,clinics,"Follow Hair Studio, Surfer''s Paradise",true,Gracie Clough,2026-01-15,199,0,,,,0,,0,0,1,,,"Follow Hair Studio uses quality Kevin Murphy products that contain no parabens or sulphates, so you can guarantee your fresh hair colour will not fade in one wash.",content/destinations/clinics/follow-hair-studio-surfers-paradise/follow-hair-studio-surfers-paradise.mdx
OK,,clinics,"Glow Haus, Potts Point",true,Sigourney Cantelo,2026-01-15,110,1,,infrared,infrared,0,,0,0,0,,,,content/destinations/clinics/glow-haus-potts-point/glow-haus-potts-point.mdx
OK,,clinics,"Head Studio, Perth",true,Beauticate Editorial,2026-01-15,0,0,,,,0,,0,0,0,,,,content/destinations/clinics/head-studio-perth/head-studio-perth.mdx
OK,,clinics,"Joey Scandizzo, South Yarra",true,Sigourney Cantelo,2026-01-15,401,0,,,,0,,0,0,0,,,,content/destinations/clinics/joey-scandizzo-south-yarra/joey-scandizzo-south-yarra.mdx
OK,,clinics,"KAILO Wellness Medispa, Fortitude Valley",true,Sigourney Cantelo,2026-01-15,104,3,bbl; iv drip; laser,,bbl; iv drip; laser,0,,0,0,0,,,,content/destinations/clinics/kailo-wellness-medispa-fortitude-valley/kailo-wellness-medispa-fortitude-valley.mdx
OK,,clinics,"La Boutique by Belinda Jeffrey, Darlinghurst",true,Sigourney Cantelo,2026-01-15,142,0,,,,0,,0,0,0,,,,content/destinations/clinics/la-boutique-double-bay/la-boutique-double-bay.mdx
OK,,clinics,"Lavada, Hobart",true,Sigourney Cantelo,2026-01-15,100,0,,,,0,,0,0,0,,,,content/destinations/clinics/lavada-hobart/lavada-hobart.mdx
OK,,clinics,"Lee Preston Hairdressing, South Perth",true,Beauticate Editorial,2026-01-15,0,0,,,,0,,0,0,0,,,,content/destinations/clinics/lee-preston-hairdressing-south-perth/lee-preston-hairdressing-south-perth.mdx
OK,,clinics,"Little Company, Collingwood",true,Sigourney Cantelo,2026-01-15,116,0,,,,0,,0,0,0,,,,content/destinations/clinics/little-company-collingwood/little-company-collingwood.mdx
OK,,clinics,"Mukti Organics Beauty Rooms, Mullumbimby",true,Sigourney Cantelo,2026-01-15,103,2,,healite; led treatment,healite; led treatment,0,,0,0,0,,,,content/destinations/clinics/mukti-organics-mullumbimby/mukti-organics-mullumbimby.mdx
OK,,clinics,"Painted, Darlinghurst",true,Sigourney Cantelo,2026-01-15,110,0,,,,0,,0,0,0,,,,content/destinations/clinics/painted-darlinghurst/painted-darlinghurst.mdx
OK,,clinics,"Polished Beauty Rooms, Byron Bay",true,Sigourney Cantelo,2026-01-15,100,0,,,,0,,0,0,0,,,,content/destinations/clinics/polished-beauty-rooms-byron-bay/polished-beauty-rooms-byron-bay.mdx
OK,,clinics,"Salon x, Paddington",true,Sigourney Cantelo,2026-01-15,0,0,,,,0,,0,0,0,,,,content/destinations/clinics/salon-x-paddington/salon-x-paddington.mdx
OK,,clinics,"Skin and Tonic, Armidale",true,Sigourney Cantelo,2026-01-15,99,3,microneedling; skin needling,infrared,microneedling; skin needling; infrared,0,,0,0,0,,,,content/destinations/clinics/skin-and-tonic-armidale/skin-and-tonic-armidale.mdx
OK,,clinics,"SURSKIN, West Leederville",true,Sigourney Cantelo,2026-01-15,112,1,injectable,,injectable,0,,0,0,0,,,,content/destinations/clinics/surskin-west-leederville/surskin-west-leederville.mdx
OK,,clinics,"The Facialist Darwin, Darwin",true,Sigourney Cantelo,2026-01-15,94,0,,,,0,,0,0,0,,,,content/destinations/clinics/the-facialist-darwin/the-facialist-darwin.mdx
OK,,clinics,"The Facialist Noosa, Noosa Heads",true,Sigourney Cantelo,2026-01-15,106,0,,,,0,,0,0,0,,,,content/destinations/clinics/the-facialist-noosa/the-facialist-noosa.mdx
OK,,clinics,"Tognini''s, Newstead",true,Sigourney Cantelo,2026-01-15,122,0,,,,0,,0,0,0,,,,content/destinations/clinics/togninis-hair-skin-and-body-fortitude-valley/togninis-hair-skin-and-body-fortitude-valley.mdx
OK,,clinics,"Yots Hair, North Adelaide",true,Beauticate Editorial,2026-01-15,0,0,,,,0,,0,0,0,,,,content/destinations/clinics/yots-hair-north-adelaide/yots-hair-north-adelaide.mdx
OK,,salons,"Brad Ngata Hair Direction, Darlinghurst",true,Sigourney Cantelo,2026-01-15,126,0,,,,0,,0,0,0,,,,content/destinations/salons/brad-ngata-darlinghurst/brad-ngata-darlinghurst.mdx
OK,,salons,"De Stijl Hair, Hobart",true,Sigourney Cantelo,2026-01-15,102,1,,red light,red light,0,,0,0,0,,,,content/destinations/salons/de-stijl-hair-hobart/de-stijl-hair-hobart.mdx
OK,,salons,"EdwardsAndCo, Byron Bay",true,Sigourney Cantelo,2026-01-15,101,0,,,,0,,0,0,0,,,,content/destinations/salons/edwardsandco-byron-bay/edwardsandco-byron-bay.mdx
OK,,salons,"Fön Salon, Goodwood",true,Sigourney Cantelo,2026-01-15,103,0,,,,0,,0,0,0,,,,content/destinations/salons/fon-salon-goodwood/fon-salon-goodwood.mdx
OK,,salons,"Hues Hair, Richmond",true,Sigourney Cantelo,2026-01-15,112,0,,,,0,,0,0,0,,,,content/destinations/salons/hues-hair-richmond/hues-hair-richmond.mdx
OK,,salons,"Joh Bailey, Double Bay",true,Sigourney Cantelo,2026-01-15,127,0,,,,0,,0,0,0,,,,content/destinations/salons/joh-bailey-double-bay/joh-bailey-double-bay.mdx
OK,,salons,"Paloma, Paddington",true,Sigourney Cantelo,2026-01-15,107,0,,,,0,,0,0,0,,,,content/destinations/salons/paloma-paddington/paloma-paddington.mdx
OK,,salons,"Paloma Roan, West End",true,Sigourney Cantelo,2026-01-15,103,0,,,,0,,0,0,0,,,,content/destinations/salons/paloma-roan-west-end/paloma-roan-west-end.mdx
OK,,salons,"Roji, Canberra",true,Katherine Ring,2026-01-15,651,0,,,,0,,0,0,0,,,,content/destinations/salons/roji-canberra-3/roji-canberra-3.mdx
OK,,salons,"Saint Louie Hair, Melbourne CBD",true,Sigourney Cantelo,2026-01-15,111,0,,,,0,,0,0,1,,,A hair studio that treats the room as part of the craft.,content/destinations/salons/saint-louie-hair-melbourne/saint-louie-hair-melbourne.mdx
OK,,salons,Three New Sydney Beauty Destinations We Love,true,Tess Schlink,2026-01-15,291,1,,light therapy,light therapy,0,,0,0,0,,,,content/destinations/salons/three-new-sydney-beauty-destinations-we-love/three-new-sydney-beauty-destinations-we-love.mdx
OK,,salons,"Valonz, Paddington",true,Sigourney Cantelo,2026-01-15,236,0,,,,0,,0,0,0,,,,content/destinations/salons/valonz-paddington/valonz-paddington.mdx
OK,,spas-retreats,"Alba Thermal Springs & Spa, Fingal",true,Sigourney Cantelo,2026-01-15,111,0,,,,0,,0,0,0,,,,content/destinations/spas-retreats/alba-thermal-springs-fingal/alba-thermal-springs-fingal.mdx
OK,,spas-retreats,"Auriga Spa at Capella Sydney, Sydney CBD",true,Sigourney Cantelo,2026-01-15,129,0,,,,0,,0,0,0,,,,content/destinations/spas-retreats/auriga-spa-capella-sydney/auriga-spa-capella-sydney.mdx
OK,,spas-retreats,"Aurora Spa & Bathhouse, Sorrento",true,Beauticate Editorial,2026-01-15,521,0,,,,0,,0,0,0,,,,content/destinations/spas-retreats/aurora-spa-bathhouse-sorrento/aurora-spa-bathhouse-sorrento.mdx
OK,,spas-retreats,"Aurora Spa, Palazzo Versace, Gold Coast",true,Beauticate Editorial,2026-01-15,0,0,,,,0,,0,0,0,,,,content/destinations/spas-retreats/aurora-spa-palazzo-versace-gold-coast-main-beach/aurora-spa-palazzo-versace-gold-coast-main-beach.mdx
OK,,spas-retreats,"Authenticity Health and Wellness Retreat, Port Elliot",true,Beauticate Editorial,2026-01-15,0,0,,,,0,,0,0,0,,,,content/destinations/spas-retreats/b4eqvwiwqul60j621kycw4iod8mzx4/b4eqvwiwqul60j621kycw4iod8mzx4.mdx
OK,,spas-retreats,BODHI Yallingup,true,Sigourney Cantelo,2026-01-15,112,0,,,,0,,0,0,0,,,,content/destinations/spas-retreats/bodhi-yallingup/bodhi-yallingup.mdx
OK,,spas-retreats,"Chahoya Spa, Broome",true,Sigourney Cantelo,2026-01-15,136,0,,,,0,,0,0,0,,,,content/destinations/spas-retreats/chahoya-spa-by-loccitane-broome/chahoya-spa-by-loccitane-broome.mdx
OK,,spas-retreats,"COMO The Treasury, Perth",true,Sigourney Cantelo,2026-01-15,183,0,,,,0,,0,0,0,,,,content/destinations/spas-retreats/como-the-treasury-perth/como-the-treasury-perth.mdx
OK,,spas-retreats,"Crown Spa, Barangaroo",true,Sigourney Cantelo,2026-01-15,107,0,,,,0,,0,0,0,,,,content/destinations/spas-retreats/crown-spa-barangaroo/crown-spa-barangaroo.mdx
OK,,spas-retreats,"Yala Yallingup, Margaret River Region",true,Sigourney Cantelo,2026-01-15,137,0,,,,0,,0,0,0,,,,content/destinations/spas-retreats/empire-retreat-yallingup/empire-retreat-yallingup.mdx
OK,,spas-retreats,"Eos Spa and Wellness, Adelaide",true,Sigourney Cantelo,2026-01-15,102,0,,,,0,,0,0,1,,,"Eos is the wellness floor of SkyCity's hotel, and it treats altitude as part of the therapy.",content/destinations/spas-retreats/eos-spa-wellness-adelaide/eos-spa-wellness-adelaide.mdx
OK,,spas-retreats,"Facialista''s, Hyde Park",true,Beauticate Editorial,2026-01-15,0,0,,,,0,,0,0,0,,,,content/destinations/spas-retreats/facialistas-hyde-park/facialistas-hyde-park.mdx
OK,,spas-retreats,"Gillian Adams Salon & Spa, Turramurra",true,Sigourney Cantelo,2026-01-15,119,0,,,,0,,0,0,0,,,,content/destinations/spas-retreats/gillian-adams-salon-spa-turramurra/gillian-adams-salon-spa-turramurra.mdx
OK,,spas-retreats,"Hale Spa, Barton",true,Sigourney Cantelo,2026-01-15,105,1,,infrared,infrared,0,,0,0,0,,,,content/destinations/spas-retreats/hale-spa-barton/hale-spa-barton.mdx
OK,,spas-retreats,"Hepburn Spa and Bathhouse, Daylesford",true,Allanah Jansons,2026-01-15,685,0,,,,0,,0,0,1,,,"Eliminate toxins in the Aroma Steam Room that utilises different essential aromatherapy blends throughout the day, rinse off in the rain shower and emerge from the waters in an imp",content/destinations/spas-retreats/hepburn-spa-and-bathhouse-daylesford/hepburn-spa-and-bathhouse-daylesford.mdx
OK,,spas-retreats,"Lagoon Day Spa, Mindil Beach",true,Sigourney Cantelo,2026-01-15,102,0,,,,0,,0,0,1,,,"Set in the tropical gardens of Mindil Beach Casino Resort, the Lagoon Day Spa treats the Top End climate as an asset rather than a problem.",content/destinations/spas-retreats/lagoon-day-spa-mindil-beach/lagoon-day-spa-mindil-beach.mdx
OK,,spas-retreats,"Metung Hot Springs, Metung",true,Sigourney Cantelo,2026-01-15,111,0,,,,0,,0,0,0,,,,content/destinations/spas-retreats/metung-hot-springs/metung-hot-springs.mdx
OK,,spas-retreats,"Noosa Springs Spa, Noosa Heads",true,Sigourney Cantelo,2026-01-15,108,0,,,,0,,0,0,0,,,,content/destinations/spas-retreats/noosa-springs-spa/noosa-springs-spa.mdx
OK,,spas-retreats,"Ocea Eco Spa, Darwin",true,Sigourney Cantelo,2026-01-15,94,0,,,,0,,0,0,0,,,,content/destinations/spas-retreats/ocea-eco-spa-darwin/ocea-eco-spa-darwin.mdx
OK,,spas-retreats,"The Mineral Spa, Hepburn Springs",true,Sigourney Cantelo,2026-01-15,143,0,,,,0,,0,0,0,,,,content/destinations/spas-retreats/peppers-mineral-springs-hepburn-springs/peppers-mineral-springs-hepburn-springs.mdx
OK,,spas-retreats,"Petrichor Day Spa, Hawthorne",true,Sigourney Cantelo,2026-01-15,105,0,,,,0,,0,0,1,,,It is not selling you a quick fix and it will tell you as much.,content/destinations/spas-retreats/petrichor-day-spa-hawthorne/petrichor-day-spa-hawthorne.mdx
OK,,spas-retreats,"Seléne Day Spa, Adelaide",true,Sigourney Cantelo,2026-01-15,101,1,,infrared,infrared,0,,0,0,0,,,,content/destinations/spas-retreats/selene-day-spa-adelaide/selene-day-spa-adelaide.mdx
OK,,spas-retreats,"Sol Spa at The Botanica, Vaucluse",true,Sigourney Cantelo,2026-01-15,110,0,,,,0,,0,0,0,,,,content/destinations/spas-retreats/sol-spa-the-botanica-vaucluse/sol-spa-the-botanica-vaucluse.mdx
OK,,spas-retreats,"Spa Kinara at Longitude 131, Yulara",true,Sigourney Cantelo,2026-01-15,107,0,,,,0,,0,0,1,,,Nowhere else in Australia treats you quite like this.,content/destinations/spas-retreats/spa-kinara-longitude-131/spa-kinara-longitude-131.mdx
OK,,spas-retreats,"Spa qualia, Hamilton Island",true,Sigourney Cantelo,2026-01-15,128,0,,,,0,,0,0,0,,,,content/destinations/spas-retreats/spa-qualia-hamilton-island/spa-qualia-hamilton-island.mdx
OK,,spas-retreats,"SpaQ at the Qt, Sydney",true,Sigourney Cantelo,2026-01-15,0,0,,,,0,,0,0,0,,,,content/destinations/spas-retreats/spaq-qt-sydney/spaq-qt-sydney.mdx
OK,,spas-retreats,"Stables Day Spa, Mount Lofty House, Crafers",true,Beauticate Editorial,2026-01-15,0,0,,,,0,,0,0,0,,,,content/destinations/spas-retreats/stables-day-spa-at-mount-lofty-house-crafers/stables-day-spa-at-mount-lofty-house-crafers.mdx
OK,,spas-retreats,"Tama Wellness, Dunsborough",true,Sigourney Cantelo,2026-01-15,103,1,,infrared,infrared,0,,0,0,0,,,,content/destinations/spas-retreats/tama-wellness-dunsborough/tama-wellness-dunsborough.mdx
OK,,spas-retreats,"Tank Farm, Bli Bli",true,Sigourney Cantelo,2026-01-15,107,0,,,,0,,0,0,0,,,,content/destinations/spas-retreats/tank-farm-bli-bli/tank-farm-bli-bli.mdx
OK,,spas-retreats,"Chuan Spa at The Langham, Sydney",true,Sigourney Cantelo,2026-01-15,118,0,,,,0,,0,0,0,,,,content/destinations/spas-retreats/the-day-spa-the-langham-sydney/the-day-spa-the-langham-sydney.mdx
OK,,spas-retreats,"The Louise, Marananga",true,Sigourney Cantelo,2026-01-15,104,0,,,,0,,0,0,0,,,,content/destinations/spas-retreats/the-louise-marananga/the-louise-marananga.mdx
OK,,spas-retreats,Eleme Day Spa at Crystalbrook Byron,true,Sigourney Cantelo,2026-01-15,135,1,,infrared,infrared,0,,0,0,0,,,,content/destinations/spas-retreats/the-spa-byron-at-byron-resort-byron-bay/the-spa-byron-at-byron-resort-byron-bay.mdx
OK,,spas-retreats,"The Spa at Park Hyatt Sydney, The Rocks",true,Sigourney Cantelo,2026-01-15,118,0,,,,0,,0,0,0,,,,content/destinations/spas-retreats/the-spa-park-hyatt-sydney/the-spa-park-hyatt-sydney.mdx
OK,,spas-retreats,"Venustus, Paddington",true,Sigourney Cantelo,2026-01-15,144,0,,,,0,,0,0,0,,,,content/destinations/spas-retreats/venustus-paddington/venustus-paddington.mdx
OK,,spas-retreats,"Waldheim Spa, Cradle Mountain Lodge",true,Beauticate Editorial,2026-01-15,272,0,,,,0,,0,0,0,,,,content/destinations/spas-retreats/waldheim-spa-cradle-mountain-lodge/waldheim-spa-cradle-mountain-lodge.mdx
OK,,spas-retreats,"Wellness Spa, Daintree EcoLodge",true,Beauticate Editorial,2026-01-15,0,0,,,,0,,0,0,0,,,,content/destinations/spas-retreats/wellness-spa-daintree-ecolodge/wellness-spa-daintree-ecolodge.mdx
OK,,travel,"How to Do “Mini-Break” Beauty, A Guide to Packing Lightly",true,Sigourney Cantelo,2014-04-13,732,0,,,,0,,0,0,1,,,A parfum balm will be your new best friend and eliminate any potential spills.,content/destinations/travel/how-to-do-mini-break-beauty-a-guide-to-packing-lightly/how-to-do-mini-break-beauty-a-guide-to-packing-lightly.mdx
OK,,travel,"Injidup Spa Retreat, Yallingup",true,Sigourney Cantelo,2015-09-15,158,1,,infrared,infrared,0,,0,0,0,,,,content/destinations/travel/injidup-spa-retreat-yalingup/injidup-spa-retreat-yalingup.mdx
OK,,travel,"Spa Saffire, Freycinet",true,Sigourney Cantelo,2015-10-15,296,0,,,,0,,0,0,1,,,"After an early evening massage, head for Palate, the restaurant built around local ingredients and a kitchen that treats Tasmanian produce with the seriousness it deserves.",content/destinations/travel/saffire-coles-bay/saffire-coles-bay.mdx
OK,,travel,Sun Ranch: Where ''70s Cowboy Cool Meets Byron Hinterland Bliss,true,Sigourney Cantelo,2025-08-29,797,0,,,,0,,0,0,0,,,,content/destinations/travel/sun-ranch-byron-bay-retreat/sun-ranch-byron-bay-retreat.mdx
OK,,travel,This Gold Coast Hotel Has Something for Everyone,true,Sigourney Cantelo,2022-09-21,774,0,,,,0,,0,0,0,,,,content/destinations/travel/this-gold-coast-hotel-has-something-for-everyone/this-gold-coast-hotel-has-something-for-everyone.mdx
OK,,travel,Video: Holiday Makeup Bag for an Endless Summer,true,Sigourney Cantelo,2019-03-14,123,0,,,,0,,0,0,0,,,,content/destinations/travel/video-holiday-makeup-bag-for-an-endless-summer/video-holiday-makeup-bag-for-an-endless-summer.mdx
OK,,travel,Video: TDE''s Alyce Tran on Her Best Travel Tips,true,Sigourney Cantelo,2018-01-15,91,0,,,,0,,0,0,0,,,,content/destinations/travel/video-tdes-alyce-tran-on-her-best-travel-tips/video-tdes-alyce-tran-on-her-best-travel-tips.mdx
OK,,wellness,"GROUNDUP Wellness, Dickson",true,Sigourney Cantelo,2026-01-15,105,1,,infrared,infrared,0,,0,0,0,,,,content/destinations/wellness/groundup-wellness-dickson/groundup-wellness-dickson.mdx
OK,,wellness,"One Hot Yoga & Pilates, South Yarra",true,Sigourney Cantelo,2026-01-15,112,0,,,,0,,0,0,0,,,,content/destinations/wellness/one-hot-yoga-south-yarra/one-hot-yoga-south-yarra.mdx
OK,,wellness,"Power Moves, Newstead",true,Sigourney Cantelo,2026-01-15,107,0,,,,0,,0,0,0,,,,content/destinations/wellness/power-moves-newstead/power-moves-newstead.mdx
OK,,wellness,"Reju, Braddon",true,Sigourney Cantelo,2026-01-15,101,2,iv infusion,infrared,iv infusion; infrared,0,,0,0,0,,,,content/destinations/wellness/reju-braddon/reju-braddon.mdx
OK,,wellness,"Saint Haven, Collingwood",true,Sigourney Cantelo,2026-01-15,119,0,,,,0,,0,0,0,,,,content/destinations/wellness/saint-haven-collingwood/saint-haven-collingwood.mdx
OK,,wellness,"The Commons Health Club, South Yarra",true,Sigourney Cantelo,2026-01-15,116,0,,,,0,,0,0,0,,,,content/destinations/wellness/the-commons-health-club-south-yarra/the-commons-health-club-south-yarra.mdx
OK,,wellness,"The Movement Society, Cottesloe",true,Sigourney Cantelo,2026-01-15,106,0,,,,0,,0,0,0,,,,content/destinations/wellness/the-movement-society-cottesloe/the-movement-society-cottesloe.mdx
OK,,wellness,"Wellness and Recovery Haus, Kiama",true,Sigourney Cantelo,2026-01-15,101,2,,dermalux; infrared,dermalux; infrared,0,,0,0,0,,,,content/destinations/wellness/wellness-recovery-haus-kiama/wellness-recovery-haus-kiama.mdx
OK,,bathhouses,"Contro Wellness, Lutwyche",false,Sigourney Cantelo,2026-01-15,102,1,,infrared,infrared,0,,0,0,0,,,,content/destinations/bathhouses/contro-wellness-lutwyche/contro-wellness-lutwyche.mdx
OK,,bathhouses,"Escape Bathhouse, Roseville",false,Sigourney Cantelo,2026-01-15,122,0,,,,0,,0,0,0,,,,content/destinations/bathhouses/escape-bathhouse-roseville/escape-bathhouse-roseville.mdx
OK,,bathhouses,"Navia Bathhouse, Byron Bay",false,Sigourney Cantelo,2026-01-15,98,0,,,,0,,0,0,0,,,,content/destinations/bathhouses/navia-bathhouse-byron-bay/navia-bathhouse-byron-bay.mdx
OK,,bathhouses,"Sauna Goose, Northcote",false,Sigourney Cantelo,2026-01-15,108,0,,,,0,,0,0,0,,,,content/destinations/bathhouses/sauna-goose-northcote/sauna-goose-northcote.mdx
OK,,bathhouses,"The Byron Bathhouse, Byron Bay",false,Sigourney Cantelo,2026-01-15,95,0,,,,0,,0,0,0,,,,content/destinations/bathhouses/the-byron-bathhouse/the-byron-bathhouse.mdx
OK,,clinics,"Artisan Aesthetic Clinics, Bruce",false,Sigourney Cantelo,2026-01-15,98,3,fraxel; laser; skin needling,,fraxel; laser; skin needling,0,,0,0,0,,,,content/destinations/clinics/artisan-aesthetic-clinics-bruce/artisan-aesthetic-clinics-bruce.mdx
OK,,clinics,"Brad Ngata Hair Direction, Darlinghurst",false,Sigourney Cantelo,2026-01-15,137,0,,,,0,,0,0,0,,,,content/destinations/clinics/brad-ngata-darlinghurst/brad-ngata-darlinghurst.mdx
OK,,clinics,"Brow and Lash Co, Byron Bay",false,Sigourney Cantelo,2026-01-15,100,0,,,,0,,0,0,0,,,,content/destinations/clinics/brow-and-lash-co-byron-bay/brow-and-lash-co-byron-bay.mdx
OK,,clinics,"Coco by Artisan, Newcastle",false,Sigourney Cantelo,2026-01-15,97,3,bbl; cosmetic nurse; dermatologis,,bbl; cosmetic nurse; dermatologis,0,,0,0,0,,,,content/destinations/clinics/coco-by-artisan-newcastle/coco-by-artisan-newcastle.mdx
OK,,clinics,"Concept Cosmetic Medicine, Newcastle",false,Beauticate Editorial,2026-01-15,0,1,cosmetic medicine,,cosmetic medicine,0,,0,0,0,,,,content/destinations/clinics/concept-cosmetic-medicine-newcastle/concept-cosmetic-medicine-newcastle.mdx
OK,,clinics,"Daly St Salon, Adelaide",false,Beauticate Editorial,2026-01-15,0,0,,,,0,,0,0,0,,,,content/destinations/clinics/daly-st-salon-adelaide/daly-st-salon-adelaide.mdx
OK,,clinics,"Door No.18, Sydney CBD",false,Sigourney Cantelo,2026-01-15,113,1,,omnilux,omnilux,0,,0,0,0,,,,content/destinations/clinics/door-no-18-sydney/door-no-18-sydney.mdx
OK,,clinics,"eclaire Beauty Studio, Melbourne CBD",false,Sigourney Cantelo,2026-01-15,112,0,,,,0,,0,0,1,,,"Korean nail art is a discipline, not a manicure, and eclaire treats it accordingly.",content/destinations/clinics/eclaire-beauty-studio-melbourne/eclaire-beauty-studio-melbourne.mdx
OK,,clinics,"Edwards and Co, Surry Hills",false,Sigourney Cantelo,2026-01-15,0,0,,,,0,,0,0,0,,,,content/destinations/clinics/edwards-and-co-surry-hills/edwards-and-co-surry-hills.mdx
OK,,clinics,"Esteem Medispa, Gold Coast",false,Beauticate Editorial,2026-01-15,0,0,,,,0,,0,0,0,,,,content/destinations/clinics/esteem-medi-spa-gold-coast/esteem-medi-spa-gold-coast.mdx
OK,,clinics,"FENN, Paddington",false,Sigourney Cantelo,2026-01-15,111,1,,omnilux,omnilux,0,,0,0,0,,,,content/destinations/clinics/fenn-paddington/fenn-paddington.mdx
OK,,clinics,"Joh Bailey, Double Bay",false,Sigourney Cantelo,2026-01-15,139,0,,,,0,,0,0,0,,,,content/destinations/clinics/joh-bailey-double-bay/joh-bailey-double-bay.mdx
OK,,clinics,"Melanie Grant, Armadale",false,Sigourney Cantelo,2026-01-15,115,0,,,,0,,0,0,0,,,,content/destinations/clinics/melanie-grant-armadale/melanie-grant-armadale.mdx
OK,,clinics,"Oscar Oscar, Paddington",false,Sigourney Cantelo,2026-01-15,367,1,,led light,led light,0,,0,0,0,,,,content/destinations/clinics/oscar-oscar-paddington/oscar-oscar-paddington.mdx
OK,,clinics,"Oscar Oscar, Palazzo Versace, Gold Coast",false,Beauticate Editorial,2026-01-15,0,0,,,,0,,0,0,0,,,,content/destinations/clinics/oscar-oscar-palazzo-versace-gold-coast/oscar-oscar-palazzo-versace-gold-coast.mdx
OK,,clinics,"Advanced Aesthetics Medi-Clinic, Gold Coast",false,Beauticate Editorial,2026-01-15,0,2,laser; skin needling,,laser; skin needling,0,,0,0,0,,,,content/destinations/clinics/reader-review-advanced-aestheticsmedi-clinic-gold-coast/reader-review-advanced-aestheticsmedi-clinic-gold-coast.mdx
OK,,clinics,"Roji, Canberra",false,Katherine Ring,2026-01-15,0,0,,,,0,,0,0,0,,,,content/destinations/clinics/roji-canberra/roji-canberra.mdx
OK,,clinics,"Sant\xE9 Skin, South Fremantle",false,Sigourney Cantelo,2026-01-15,105,2,injectable; skin needling,,injectable; skin needling,0,,0,0,0,,,,content/destinations/clinics/sante-skin-south-fremantle/sante-skin-south-fremantle.mdx
OK,,clinics,"Skin Deep Medi Spa, Perth",false,Beauticate Editorial,2026-01-15,0,0,,,,0,,0,0,0,,,,content/destinations/clinics/skin-deep-medi-spa-perth/skin-deep-medi-spa-perth.mdx
OK,,clinics,"Skindepth, Balaclava",false,Sigourney Cantelo,2026-01-15,111,0,,,,0,,0,0,0,,,,content/destinations/clinics/skindepth-balaclava/skindepth-balaclava.mdx
OK,,clinics,"Skyn, Perth",false,Zoe Briggs,2026-01-15,191,8,chemical peel; cosmetic inject; dermal filler; injectable; ipl; laser; prp; wrinkle relaxer,,chemical peel; cosmetic inject; dermal filler; injectable; ipl; laser; prp; wrinkle relaxer,0,,0,0,0,,,,content/destinations/clinics/skyn-perth/skyn-perth.mdx
OK,,clinics,"SpaQ, Qt Gold Coast",false,Sigourney Cantelo,2026-01-15,0,0,,,,0,,0,0,0,,,,content/destinations/clinics/spaq-qt-gold-coast/spaq-qt-gold-coast.mdx
OK,,clinics,"SpaQ, Qt Port Douglas",false,Beauticate Editorial,2026-01-15,0,0,,,,0,,0,0,0,,,,content/destinations/clinics/spaq-qt-port-douglas/spaq-qt-port-douglas.mdx
OK,,clinics,"The Manse Clinic, Paddington",false,Sigourney Cantelo,2026-01-15,115,2,cosmetic doctor; cosmetic medicine,,cosmetic doctor; cosmetic medicine,0,,0,0,0,,,,content/destinations/clinics/the-manse-clinic-paddington/the-manse-clinic-paddington.mdx
OK,,clinics,"Toni & Guy, Subiaco",false,Beauticate Editorial,2026-01-15,0,0,,,,0,,0,0,0,,,,content/destinations/clinics/toni-and-guy-subiaco/toni-and-guy-subiaco.mdx
OK,,clinics,"Valonz, Paddington",false,Sigourney Cantelo,2026-01-15,236,0,,,,0,,0,0,0,,,,content/destinations/clinics/valonz-paddington/valonz-paddington.mdx
OK,,salons,"Bond Hair Religion, Kingston",false,Sigourney Cantelo,2026-01-15,95,0,,,,0,,0,0,1,,,"It is a full colour, cut and styling house with a following that treats it like a second religion, hence the name.",content/destinations/salons/bond-hair-religion-kingston/bond-hair-religion-kingston.mdx
OK,,salons,"Eesome, Leederville",false,Sigourney Cantelo,2026-01-15,95,0,,,,0,,0,0,0,,,,content/destinations/salons/eesome-leederville/eesome-leederville.mdx
OK,,salons,"Oscar Oscar, Paddington",false,Sigourney Cantelo,2026-01-15,378,1,,led light,led light,0,,0,0,0,,,,content/destinations/salons/oscar-oscar-paddington/oscar-oscar-paddington.mdx
OK,,salons,"Pure The Salon, Hobart",false,Sigourney Cantelo,2026-01-15,101,0,,,,0,,0,0,0,,,,content/destinations/salons/pure-the-salon-hobart/pure-the-salon-hobart.mdx
OK,,salons,"Rixon Hair, Brisbane",false,Sigourney Cantelo,2026-01-15,102,0,,,,0,,0,0,0,,,,content/destinations/salons/rixon-hair-brisbane/rixon-hair-brisbane.mdx
OK,,spas-retreats,"Elements Day Spa, Darwin",false,Jill Sandringham,2026-01-15,270,1,cosmetic inject,,cosmetic inject,0,,0,0,0,,,,content/destinations/spas-retreats/elements-day-spa-darwin/elements-day-spa-darwin.mdx
OK,,spas-retreats,"Elysia Wellness Retreat, Pokolbin",false,Sigourney Cantelo,2026-01-15,98,0,,,,0,,0,0,0,,,,content/destinations/spas-retreats/elysia-wellness-retreat-pokolbin/elysia-wellness-retreat-pokolbin.mdx
OK,,spas-retreats,"Endota Spa, Glenelg",false,Beauticate Editorial,2026-01-15,0,0,,,,0,,0,0,0,,,,content/destinations/spas-retreats/endota-spa-glenelg/endota-spa-glenelg.mdx
OK,,spas-retreats,"Ikatan Balinese Day Spa, Doonan",false,Sigourney Cantelo,2026-01-15,106,0,,,,0,,0,0,1,,,"You treat here in the open, surrounded by the gardens, which is the whole point.",content/destinations/spas-retreats/ikatan-balinese-day-spa-doonan/ikatan-balinese-day-spa-doonan.mdx
OK,,spas-retreats,"Losari Retreat, Margaret River",false,Sigourney Cantelo,2026-01-15,115,0,,,,0,,0,0,0,,,,content/destinations/spas-retreats/losari-retreat-margaret-river/losari-retreat-margaret-river.mdx
OK,,spas-retreats,"Mudd the Spa, Barton",false,Beauticate Editorial,2026-01-15,9,0,,,,0,,0,0,0,,,,content/destinations/spas-retreats/mudd-spa-barton/mudd-spa-barton.mdx
OK,,spas-retreats,"Osborn House, Bundanoon",false,Sigourney Cantelo,2026-01-15,101,1,,infrared,infrared,0,,0,0,0,,,,content/destinations/spas-retreats/osborn-house-bundanoon/osborn-house-bundanoon.mdx
OK,,spas-retreats,"Peninsula Life Medi Spa, Mornington Peninsula",false,Beauticate Editorial,2026-01-15,0,0,,,,0,,0,0,0,,,,content/destinations/spas-retreats/peninsula-life-medi-spa-mornington-peninsula/peninsula-life-medi-spa-mornington-peninsula.mdx
OK,,spas-retreats,"Savoy Day Spa, Hobart",false,Jill Sandringham,2026-01-15,453,0,,,,0,,0,0,0,,,,content/destinations/spas-retreats/savoy-day-spa-hobart/savoy-day-spa-hobart.mdx
OK,,spas-retreats,"Sharkra Medispa, Hobart",false,Beauticate Editorial,2026-01-15,0,0,,,,0,,0,0,0,,,,content/destinations/spas-retreats/sharkra-medispa-hobart/sharkra-medispa-hobart.mdx
OK,,spas-retreats,"Temple Day Spa, Unley",false,Beauticate Editorial,2026-01-15,0,0,,,,0,,0,0,0,,,,content/destinations/spas-retreats/temple-day-spa/temple-day-spa.mdx
OK,,wellness,"Encore Pilates and Wellness, Nightcliff",false,Sigourney Cantelo,2026-01-15,97,0,,,,0,,0,0,0,,,,content/destinations/wellness/encore-pilates-nightcliff/encore-pilates-nightcliff.mdx
OK,,wellness,"in:HAUS Wellness, Byron Bay",false,Sigourney Cantelo,2026-01-15,101,1,,infrared,infrared,0,,0,0,0,,,,content/destinations/wellness/inhaus-wellness-byron-bay/inhaus-wellness-byron-bay.mdx
OK,,wellness,"OSMOS Recovery Spaces, Launceston",false,Sigourney Cantelo,2026-01-15,103,1,,infrared,infrared,0,,0,0,0,,,,content/destinations/wellness/osmos-recovery-launceston/osmos-recovery-launceston.mdx
